driver,reads_as,p10,p50,p90,s1_peak_need_cr,s1rank_peak_need_cr,lo_peak_need_cr,hi_peak_need_cr,s1_crossover_month,s1rank_crossover_month,lo_crossover_month,hi_crossover_month,s1_m60_contribution_cr,s1rank_m60_contribution_cr,lo_m60_contribution_cr,hi_m60_contribution_cr,s1_profitable_by_m60,s1rank_profitable_by_m60,lo_profitable_by_m60,hi_profitable_by_m60,s1_m36_minutes_per_user,s1rank_m36_minutes_per_user,lo_m36_minutes_per_user,hi_m36_minutes_per_user,s1_m60_users,s1rank_m60_users,lo_m60_users,hi_m60_users
add_rate_0,referral and growth rate at month 1,0.1402925608179592,0.19099417880664812,0.25129568435600574,0.14499588711576777,0.14186121368568805,96.24107243644558,199.25844982331606,0.10608779491576763,0.04066490395124975,61.0,61.0,0.008091089650378256,0.02291040650351477,-2.5935352578008715,-2.983738986876829,0.10663509353540138,0.03461782445316956,0.0,0.0,0.002094177222620498,0.0019538727189246825,150.7705085946692,146.47142712310716,0.34848042555126624,0.6396509582032237,3410.318031217478,67255.15664868418
tasks_day,tasks a user runs a day,1.202873340087057,1.5797898137706357,2.0300359093212563,0.07506411286530026,0.10669583240608332,103.27823671540695,180.868152166562,0.04821734588458849,0.015544725620865556,61.0,61.0,0.0778110342131476,0.11795261395719779,-1.9817847818496592,-5.476203553458971,0.04633895613656308,0.017049352872345887,0.0,0.0,0.49368653062666623,0.4993025048545063,103.61025735770153,202.43201378367337,0.0012417041602370525,0.0011389205726560522,24587.555386787688,23799.183989755627
eng_exp,engineering scaling exponent,0.2766758025621183,0.3451896080348108,0.4198130778598033,0.04740669382216206,0.09693538052885846,104.18603020501217,188.47224703453594,0.02080206867999661,0.00948949449950374,61.0,61.0,0.037383738780143824,0.1020007650218682,-2.163276205311554,-5.819410877248435,0.02454012341379838,0.0085615161570813,0.0,0.0,0.0011046416094293958,0.0009706055488765137,145.7673766583763,148.16266744981715,0.0010499601834038346,0.0010041072067290206,23527.705451390106,23573.134895870156
price_ind,"India price, $ a month",26.21221183074116,31.52864483154954,38.37865304158448,0.03451665926266412,0.06379595726841239,166.08002676489554,107.35792991840407,0.040222201195870694,0.014160423024256054,61.0,61.0,0.03799711919289,0.0661456823010867,-4.721626650458465,-2.2497282905381653,0.0347820757476564,0.012096724016900555,0.0,0.0,0.0009888135493944022,0.0008949470210423658,144.6478063477378,148.84073716513527,0.0014156470405090559,0.0009873122105107806,24265.5734030806,23207.03528249415
cap_ind,"India ceiling, users",24889.545801023003,78865.6912404465,248560.73988656758,0.033831291989879046,0.013863455893381138,123.34183878137158,141.84254182311332,0.009119447767117579,0.0032378073258207698,61.0,61.0,0.020492750409593075,0.01920940670916852,-2.799199345171185,-3.841713902787917,0.005386747642462148,0.002833628619157819,0.0,0.0,0.001847792141838778,0.0016736502557466264,147.49184379251793,146.199737382304,0.1986728532562712,0.13393026044308814,12120.45620124335,43825.07043894056
eng0,engineers at 100 users,4.007948464707526,5.2540427720609735,6.797367489799793,0.029285190989555794,0.0696861011063415,105.90179940330701,172.1187396469897,0.008950067789069288,0.0037904978286337453,61.0,61.0,0.01654638599943645,0.047930512059253784,-2.3300000697534564,-4.782564726269166,0.010543940048195456,0.005095808421240768,0.0,0.0,0.001327635311305642,0.0013452282736455706,149.62332897750235,146.51986468971864,0.0011528367922026732,0.0015123044153257594,23971.744619285815,23496.581892141345
tail_floor,tail share floor,0.03197370144458332,0.0474998554452118,0.06550685445915047,0.025388056613513423,0.03093519483658674,117.91870091829448,160.06361013467745,0.014222205537060793,0.006525655399501636,61.0,61.0,0.03648094425730714,0.05521392472558983,-2.484723267335158,-4.781691364230145,0.017642322853839616,0.006736852468204635,0.0,0.0,0.12061929746862292,0.11504551331031751,126.67933874604437,173.71417814724725,0.0011691229554385734,0.0016275603514239,23285.5612032438,23073.82631002947
gna0,"G&A at 100 users, Rs a month",599420.014755927,1154392.7763664902,2215742.6048797425,0.022876147151402012,0.05552292944857234,117.22574179728177,178.64032884428485,0.0062085488580868355,0.002861547724641371,61.0,61.0,0.007482505096670807,0.021987217520985546,-2.8505186301168846,-4.608476500425341,0.0059350057806688864,0.002252212232656782,0.0,0.0,0.001360607710528234,0.0013592926977344809,146.74901583834838,147.92655134761378,0.0010220600603523897,0.0014707393457455995,24437.608828187433,24910.911903894885
eng_ctc,"engineer cost to company, Rs a year",3117001.306768548,3763675.80080169,4553508.0529713845,0.01643884308526202,0.03628676185208688,116.02898061492242,164.930757757138,0.003894110602235129,0.002749267351649417,61.0,61.0,0.008670721741434698,0.02497257668212645,-2.711632617283432,-4.563193303546967,0.004673566324469641,0.0024099463184423663,0.0,0.0,0.0015441455962517832,0.0015545654528901654,148.4460595738022,147.23639663344096,0.0014216291106681279,0.0014834724958611802,24030.139511657704,24461.870097517465
gen_ctc,"generalist cost to company, Rs a year",468014.33624338865,527051.3666036772,595004.6949582021,0.013443783352586329,0.01858489869533975,121.46403865297357,157.64736231489962,0.010001295969131697,0.004433752990319385,61.0,61.0,0.015073528448620057,0.022973110035399032,-2.6633013312985856,-4.288463986699076,0.010744522293880848,0.003792553666242635,0.0,0.0,0.0015808587459813217,0.0014554192836010475,149.90560172652667,148.3960292395999,0.0009381580544824899,0.0009537839372469603,24708.422326682783,25069.65998831545
tail_floor_min,"tail task floor, minutes",20.898624798201244,27.104762826127434,34.26014079906391,0.012503121436554531,0.01436832980167082,125.43767468855606,154.57680932434124,0.00872439459302524,0.003937697312921744,61.0,61.0,0.021765605917838306,0.02752687445453344,-2.844940032554284,-4.41532970506969,0.010888272903288714,0.004237436925344841,0.0,0.0,0.06397181952741136,0.06083999095873498,130.68883862138927,166.42358399446857,0.0013026611699581182,0.0013427952671219894,24315.271828389414,24127.8431278067
mgmt_scale,mgmt_scale,0.028789323671544256,0.06516984749679944,0.10729731802381202,0.011581954394604715,0.010200280527525704,126.29950439491732,153.51406508005837,0.007288302270760905,0.004437573218386431,61.0,61.0,0.02555276579342159,0.028001244073314356,-2.809307313360252,-4.486359187796475,0.010678775891128414,0.003894620996637804,0.0,0.0,0.0009758362777751949,0.0008286323531903316,147.32052779817957,148.15135971671356,0.0009987010641612454,0.0008728595738658958,24240.85651949085,24668.383819955783
churn_0,churn at month 1,0.07541887105935643,0.09529587994012362,0.11997443310153366,0.009137077976803151,0.011264964394803657,153.02613777204255,124.25718706367891,0.0022805452221794065,0.0015635152502000418,61.0,61.0,0.001887761234864148,0.0025954209069460523,-3.8086613221296273,-3.243484381361381,0.002339011853853547,0.0007753749278021871,0.0,0.0,0.0011878953877451541,0.0011403260389095651,146.1434333126121,149.1637775794029,0.010750624653892253,0.021068710070403025,30456.35265730931,17749.483395920128
price_drift,price_drift,0.0012112511771371329,0.0027599279173920184,0.004557061438269297,0.009131940843329153,0.01145798413424496,149.07895754978802,124.11557874489509,0.010460505562340286,0.006706025426552569,61.0,61.0,0.018522108685255792,0.02946549650179374,-4.260603453655008,-2.588243495694736,0.01492666211642128,0.00528029636831699,0.0,0.0,0.0010254438320033185,0.0008941765529216917,147.2871578805936,146.4223994719954,0.001584562185840753,0.0016974548509973892,22749.581953368135,24967.392061302224
auto_ceil,"automation ceiling, share of tasks",0.645659885230423,0.7252556056925687,0.8109468247508905,0.008843490485532467,0.011516640868015349,149.21666514499668,127.98025363323566,0.006423248730469184,0.0030970234660825597,61.0,61.0,0.01282729894578674,0.018044899785494745,-4.197183998646373,-2.935693010057114,0.007285592901617195,0.0029599483354286215,0.0,0.0,0.04948157251257023,0.04893632905231956,162.41167636213402,131.79411150415643,0.0013555555363329737,0.0009710838668752113,23659.43828096277,24509.49353070427
seed_users,users at month 1,142.3967612390941,221.78111353402554,321.08763849040434,0.007831442623531637,0.009916007768477508,124.6614723965601,149.92197919504338,0.0069504483068828634,0.00451404940888637,61.0,61.0,0.0008972842965665706,0.001110896212839741,-3.468209436453332,-3.483906424932684,0.006512236909919071,0.002026708017656771,0.0,0.0,0.0013431806714782318,0.0011839692568699246,146.33590140337796,149.4313027915871,0.010425129012126345,0.022384368071470918,18526.431815494507,30223.8089921004
add_decay,monthly decay of that rate,0.9878486874634694,0.9915060998226737,0.9945388203388184,0.0072126320142950305,0.0057181276773078165,126.51087972324024,147.77049105483894,0.010665104297599719,0.006117683381139208,61.0,61.0,0.0010198408133263808,0.0008135881139752209,-3.2856596694353106,-3.5980031797475696,0.014748366786923149,0.005533434484244838,0.0,0.0,0.0007258809722885555,0.0007919332036498337,147.59681488568543,146.60148430261324,0.03779954786590009,0.06364817765187046,13769.95021943377,37663.92649883915
util,utilisation,0.660017764602218,0.7096617183553762,0.7595347925386885,0.006425292525379978,0.006414285837645715,146.76538020758673,127.65522222491646,0.002386850562864928,0.0009282979521632451,61.0,61.0,0.0069251485792686815,0.007361033763293828,-3.8640911875599193,-3.058221186485234,0.0023858143778468055,0.002291630579057828,0.0,0.0,0.0014374867536949426,0.001331714320870536,147.60126832555517,146.8638158689501,0.0011518834151543749,0.0011449027720472557,24063.854117144765,24288.12951526182
sup_mult,supervisor and QA cost multiple,2.244402138627275,2.554377185670771,2.9131854898235763,0.006148048409350581,0.006114968583024921,128.64226380073427,147.1427022412658,0.0035688661569208977,0.0027878043269420096,61.0,61.0,0.007317610920993964,0.007913035006561332,-3.042191861867515,-3.8573609832930322,0.0037542310317449255,0.0018951007395802508,0.0,0.0,0.0012968281124352918,0.001295762709644409,146.08894930856638,147.9860597773365,0.00108137412815009,0.0011362825211419549,22896.832163786046,24273.4533544418
tail_min_0,"tail task at month 1, minutes",39.85813910560346,52.98706718523516,70.6510513677141,0.005925973476230893,0.008776876227210944,128.3941732436373,148.29094916619266,0.002593660189582976,0.0011200587212688983,61.0,61.0,0.003647969221188909,0.005825856262285892,-3.1946327514061226,-3.864055855374498,0.002078254934462537,0.0014587840175832108,0.0,0.0,0.047555948411548796,0.04435870059372175,133.94856386512754,163.68395711836672,0.0012197678393834897,0.0007603691647121716,23395.262037771332,24282.723010501053
gna_exp,G&A scaling exponent,0.3092482443527982,0.38268508673095614,0.45886141372124345,0.00584816370062632,0.011790221358338052,125.73818580438498,152.51974356923267,0.002854423681254944,0.0015172703255681764,61.0,61.0,0.0031801295317009657,0.007923968659254927,-3.0565900345718786,-4.085920837656632,0.0033731247649426807,0.0027248666505134147,0.0,0.0,0.0012614311905293442,0.0014171012385177533,147.03833178349413,147.5700423473589,0.0007733895257790489,0.00113134405179461,23471.565091460132,24715.768030913034
prod_min,productive minutes a person a month,350.5206996501603,375.9104110997507,397.44020043444874,0.005662642175695791,0.006798933236376083,144.48575087744393,130.13286867158257,0.003348473408060942,0.002228442300141105,61.0,61.0,0.005997942250316871,0.007447993047027485,-3.8667032113281405,-3.0485105432530237,0.002662172138568902,0.0015077758552094363,0.0,0.0,0.0015035737643019822,0.0013660601754101507,146.4605181246001,148.5138944581709,0.0008991657781161902,0.0009359285080835714,23863.729922229264,24215.9759209505
sup_ratio,supervisors per generalist,0.12379339893856449,0.15480967031204718,0.19099913220676173,0.005653370178916291,0.007260581372757702,127.55009235957301,148.06522939850814,0.004470423070255942,0.002465319084433299,61.0,61.0,0.007318502381028911,0.010559424403179805,-2.931759625728839,-4.006256660290499,0.005136019835355408,0.002389444464431113,0.0,0.0,0.0014393372295744956,0.0013662428321431074,147.60242184078197,147.3859593648275,0.0008708473609392876,0.0006163537234758853,24544.326088453643,25201.802439496583
auto_hl,months to half the automation gap,12.252749742738079,16.292282795880187,21.66989659798119,0.005162840163076718,0.00704767126703043,128.06649453608958,147.2848397934,0.003619128441641122,0.0014904936952674815,61.0,61.0,0.0038051210852561666,0.00611727245330318,-3.2140459846295952,-3.9499938449481924,0.003443328550932568,0.0025539671221786664,0.0,0.0,0.060642509998955166,0.0593713621979284,131.00330599652784,168.00627081530553,0.0011104108628822342,0.0015764817648412038,24836.213343280288,23353.00981148299
tok_decline,monthly decline in token price,0.0409469265491058,0.05487447788783334,0.06889469343529052,0.0050602703082258576,0.005882016104607541,148.59273890736262,132.68791783455254,0.0028962142626183544,0.0012769768685936913,61.0,61.0,0.002722746148511485,0.004074779273649448,-3.8217519112252045,-3.2764690443223285,0.0024170160605089773,0.0017292716209231786,0.0,0.0,0.001264775043176355,0.0011847409209406043,146.47155372622532,148.46294123720844,0.0008878992604722595,0.0011001023034652555,24603.3473106684,23769.36459347397
learn_hl,months to half the learning gap,11.109135920312864,15.073125773367202,19.946824839405455,0.00442979129931905,0.007029974273451183,129.59779264506875,150.15547721541583,0.00328932022955446,0.0021595912346014795,61.0,61.0,0.0032949345040448534,0.005795979068628699,-3.2567631233820045,-3.8413456420972087,0.003067794013177139,0.0012413504031246253,0.0,0.0,0.046559078234261635,0.04476226534414692,133.3357300068336,162.14076393744864,0.0009581960407480856,0.0009695956700489899,24370.559128719233,24993.565384105983
cac_0,"cost to acquire a user, Rs",594.6221813704259,1144.4735567327125,2195.211464345708,0.0042823088492749805,0.006289423816402308,131.09378017881312,147.27117132182912,0.003422433474317901,0.001041149864869126,61.0,61.0,0.0034312151206232796,0.005994451471621131,-3.281794401220738,-3.7610520989395004,0.0029964758813778884,0.002146114188220282,0.0,0.0,0.0010761018366316438,0.0010999587950861482,147.55125352972482,144.4617298918798,0.0015682851031135168,0.0011972167565480413,23989.307622070166,24361.319407276584
tail_0,tail share at month 1,0.0712644565617495,0.09774834025655316,0.1320160579178317,0.0035071412498421024,0.004084658830462893,129.96243972387896,140.0783165067283,0.0018978649268923285,0.0011222305681918283,61.0,61.0,0.0017792761751838375,0.002309289043895723,-3.2317592617684436,-3.5704157025574674,0.0014085331030351993,0.0008438102980482749,0.0,0.0,0.03551047708042914,0.032865500506703754,135.89402603219926,160.8720747455356,0.0013058742027879623,0.001241389910304726,24198.8364265858,24295.513369940396
eng_infl,eng_infl,0.12340551922691124,0.15224974072709374,0.18404544746425444,0.0033038014234093695,0.007878413047977288,129.42282571645302,148.2286146347098,0.002432447663773333,0.00215826068252565,61.0,61.0,0.00462570868841392,0.012639159425629152,-2.8096179258379825,-4.0756269062185595,0.0032862057918123435,0.0017300968463114922,0.0,0.0,0.0008261192953082399,0.0008548738407034344,147.47586427891721,148.6613809429259,0.0004010525270999335,0.000597356721732141,23524.19396855561,24074.258871424387
churn_floor,churn floor,0.026522638212011306,0.03500796058375186,0.04595320317082594,0.0031249380516531417,0.002247119502769047,140.72202153026285,131.1992267242341,0.006841776568611657,0.004902578814091443,61.0,61.0,0.0011823585547070473,0.001595244000714362,-3.4805399382367868,-3.324660186038877,0.008711955537602206,0.0034046923437142363,0.0,0.0,0.0022682097881572593,0.0022313408517621023,144.74908996713836,147.2987623082629,0.015421472507455816,0.02561565371267289,31348.642928428442,17632.264849425537
tok_usage_growth,monthly growth in tokens a task,0.012309260854488063,0.021392179069266732,0.03171519857956252,0.0031055479820570287,0.003416807151348264,133.49297228902458,146.08508806355852,0.0019376474508758733,0.0015641492528953747,61.0,61.0,0.0026022384124804723,0.002273051319297627,-3.385285809227107,-3.6584454206035186,0.002003593765235196,0.0012099789700711979,0.0,0.0,0.002030178571293689,0.0019047997921494983,147.56484606289195,147.84501521271758,0.001216462278648371,0.0012632945951857378,23938.19749903195,24306.395059799797
oncost,employer on-costs,0.1848910660622356,0.21541485202984667,0.2508345572478077,0.0028885423411023816,0.003827834020683334,133.9062867608974,144.65417129718313,0.001553499989085639,0.001324896583144741,61.0,61.0,0.0024988216580171933,0.003762276405390692,-3.2554292996883785,-3.77100097598508,0.002257664609770026,0.0017409828566799553,0.0,0.0,0.0012714390669952692,0.0013445748006876888,147.65779162128638,147.91231841735973,0.0012075654944602786,0.001540637486137844,24385.15813193463,23497.323879988035
mgmt_infl,mgmt_infl,0.12098865289463764,0.1475980254986765,0.17634791191322505,0.0026532074388634975,0.0023402065784555153,136.02791914680563,140.57412112059188,0.0021298192182424036,0.0013396165603502905,61.0,61.0,0.004320360269232883,0.004421265862854414,-3.297589903129083,-3.695437565186174,0.0026499143346659054,0.0011248583743721442,0.0,0.0,0.001115872222211041,0.0011243124438057805,149.26267454830216,145.42975980433482,0.0011569202547343361,0.0013210914897477275,24253.60410457736,24083.28894669936
fx,rupees to the dollar,86.40156657404506,89.51870110521861,93.13876386076846,0.002410728144085102,0.0044818568709371455,140.4646176956369,129.91517845671288,0.003418863594531519,0.002348996889029992,61.0,61.0,0.002712246406040344,0.004788497779152496,-3.638058429728178,-3.133598564252921,0.0030934239667924947,0.0032064661899211654,0.0,0.0,0.0017916760853669777,0.0016705916731602315,146.31288386724952,147.20549992103201,0.0009815275889253168,0.000747919664402298,24120.05962127762,24031.91189872707
tok0,"tokens a task at month 1, $",0.217292508999938,0.31482846662958863,0.4457248231193234,0.0023184666651386975,0.0035920198591262937,132.7755603312641,143.45341070228474,0.001643558320061321,0.001276717325059294,61.0,61.0,0.0013212576740491211,0.001764839169598348,-3.3073508781989704,-3.6040494977392887,0.001883244417823961,0.001766912827274779,0.0,0.0,0.0008822958233185933,0.001002319713867048,148.39903599561558,147.71327352702224,0.0013913834321512065,0.0011451510722041284,24388.93591944749,23540.770187106467
uk_m,UK launch month,17.0,21.0,26.0,0.0023058112807265397,0.002251792172246981,134.69290934370753,137.59281173513278,0.0038027541331552956,0.1282274515007024,61.0,61.0,0.002097965095976826,0.0032146796010416975,-3.2772536700695127,-3.5199618402986594,0.0037430875736512927,0.12096589035426725,0.0,0.0,0.0009783558060533829,0.0009164492180548735,146.6460694562839,146.03390009886266,0.003049613822323516,0.0029115144644437894,25548.634621815232,23982.1684880601
churn_halflife,months to half the churn gap,11.064925130026317,15.05940942867615,19.91542962583366,0.0022650342341629616,0.00287208832727147,142.78004401908652,131.67715723306745,0.002549692522440702,0.0020198716635921785,61.0,61.0,0.0013752018143000583,0.0011925102477450239,-3.541287599091962,-3.297414910187567,0.0023601844242314503,0.0012536507052403815,0.0,0.0,0.0007940519523875233,0.0008979308675685782,146.26543224794472,146.205980464492,0.007426682260440152,0.011240843049565859,28158.631068531096,19253.980856957358
assist_floor,"assisted task floor, minutes",2.2949106368094783,2.9043440276518795,3.611096581188815,0.002219479179300741,0.0021735697976214227,132.97415841894338,141.62805797905867,0.002629467165622553,0.0014540114493950282,61.0,61.0,0.0030110207682409323,0.003441915855508543,-3.1983842463257472,-3.792626288453307,0.0021172570377902523,0.0016748689979534225,0.0,0.0,0.01332121951284756,0.012975184559561712,139.924886144894,155.70262367600418,0.0013615700557770478,0.001264636583764092,25374.15452898695,22894.448079285336
qa_ratio,QA per generalist,0.042020464246025235,0.05752501040247297,0.0756362616245807,0.002203551533941898,0.0024202846206244607,132.50868018387615,142.1166998076461,0.002202988231592164,0.00164660415042276,61.0,61.0,0.0030722754033428133,0.003525382587023459,-3.289147802141284,-3.6827326189702863,0.002622055689431822,0.0021473651702234135,0.0,0.0,0.0012157760257966495,0.0010807007104105006,146.5455907582618,147.64051511790933,0.0011324890000492477,0.001080601414692754,25115.181093904615,23196.346478277235
price_uk,"UK price, $ a month",46.97801938330955,58.31861425435533,73.01305197269144,0.002182486914474748,0.002822146836451617,139.9318563625228,132.45966686033339,0.0025448718325018584,0.001565448948662375,61.0,61.0,0.003524799835643635,0.005040464775372408,-3.708871484257749,-3.1234207372519625,0.0035257901408254503,0.0015353241757745612,0.0,0.0,0.0012943428674327163,0.0014940999085427493,148.64910359048997,147.63800512325878,0.0019029337831730623,0.0017448334802258364,23482.53566642329,24925.957297389945
assist_0,"assisted task at month 1, minutes",5.764792112329525,7.378745969871751,9.367266161307775,0.0019397721641765257,0.002166639702369101,132.2904530048575,143.88646081272586,0.0008796513737183314,0.000921164821219163,61.0,61.0,0.0009170408819344979,0.0013616382410240953,-3.2616364996692324,-3.588163563649447,0.000831301973785015,0.00135479637438449,0.0,0.0,0.011614381218893018,0.011059032151228833,140.49433382012097,155.76546785413612,0.001495704585429669,0.0015833942873234841,23435.157757136767,23502.539169528896
us_m,US launch month,31.0,37.0,44.0,0.0019090625591100421,0.003117217138504295,140.91022408841548,130.01039377037606,0.0012690049101971035,0.02948505713815389,61.0,61.0,0.0011814675993447976,0.0017731202836503007,-3.2704279320369,-3.4960376458243094,0.002142886991405608,0.026705263395920654,0.0,0.0,0.0014686655199832252,0.0015396214401315535,148.7933176609517,146.6689392992664,0.002106375062890337,0.002251047739776369,25361.454918430365,24023.181621749492
cac_growth,monthly growth in that cost,1.008496233257511,1.0127902386723513,1.0179035141292094,0.0018801087305717762,0.0013902063884355155,135.72400471722398,140.8596491915897,0.0018720103429845814,0.0008705440356838592,61.0,61.0,0.0023644492360001177,0.002240690445977977,-3.3110020242837335,-3.5253934521798933,0.0021841177863520496,0.0014057963706607403,0.0,0.0,0.001095906172515048,0.0008413692895609255,148.7127466696054,147.93190358826425,0.0013164911997339337,0.0009147816473282037,24286.7200447562,24119.900742854512
auto_0,automation at month 1,0.3508963411854182,0.4147391449149191,0.4727870265082854,0.0017933749946193768,0.0014594811259762035,143.0655361160521,131.76145472155704,0.0009526040307174122,0.0016880116787262767,61.0,61.0,0.0016350257249161061,0.0017026267265065696,-3.6089568152070983,-3.396639428766875,0.0012313521193464366,0.001348292963148233,0.0,0.0,0.004806687197907178,0.004417881331369701,152.40274703341035,143.80828213556214,0.000954091969089214,0.0009858113971845275,24321.36519535807,23795.725085231777
tok_plateau,tok_plateau,24.07627229013025,31.629170515796595,40.73783975367215,0.0017436237463130963,0.0020945573649088917,134.49434157434575,143.85901924979083,0.001575608903672019,0.0020012518780581265,61.0,61.0,0.001397693976100097,0.0015251127637227813,-3.400914796467461,-3.726205622105745,0.0011110027719352003,0.0009875490981126227,0.0,0.0,0.0007124238728210197,0.0006012381458730961,146.80139064652553,148.04319296665795,0.001596646374552119,0.0011360130632712818,24212.177424186928,24545.34257643232
uk_entry,"UK entry cost, Rs",6062075.023727662,13344733.3902121,29757668.69077819,0.0017413090327771763,0.0020598775998609455,139.61233912214658,143.25023413408115,0.001514887141622991,0.0010473099157957758,61.0,61.0,0.0013435122278263399,0.0013812291720630757,-3.4530683882853737,-3.5448262896445986,0.0014765081974063604,0.001577251693944378,0.0,0.0,0.0017267429120467746,0.0017356751758166868,149.03139253981323,146.93561797041252,0.000956735657970406,0.0011066469090066145,25431.55482000865,24331.08294855587
jump_size,jump_size,0.019944676510412172,0.03265997243126868,0.047702994162913424,0.0016509629033382388,0.002662853119628383,140.28392995766637,132.05334514232248,0.0021745103269322883,0.0018864053489947637,61.0,61.0,0.0022627890215664234,0.003960260767309402,-3.6213105255535742,-3.277584964286964,0.002327868395759914,0.001050261308779402,0.0,0.0,0.0041688537433111515,0.004123825374657063,152.97540777431064,143.62209059655035,0.0008726304333461515,0.0007351275823128201,24587.8310121122,24636.16706623661
psp,"payment fees, share of revenue",0.023000484048170688,0.026791625845730166,0.03131204221229964,0.0016330490610164596,0.00205784416988961,133.94475706708232,140.83650089581545,0.001269620173569391,0.0011200765591339406,61.0,61.0,0.0016949883741381047,0.0018174901253874757,-3.3025831850954517,-3.5755164404621693,0.0014709364683595438,0.0006179652508274111,0.0,0.0,0.0017455360184073642,0.0016649521075498797,147.51130835042864,149.47829451759998,0.0012772299513438483,0.0012022758196069403,24179.760358037158,24918.552905185483
soc2_c,"SOC 2, Rs",2494511.702559788,4767822.3737148605,9032750.891503453,0.0016172527089247963,0.0013968608341996538,135.83690129320178,138.39224423809705,0.0017969346892943215,0.0014023886261284725,61.0,61.0,0.001602712692242634,0.0012416535151828839,-3.4350222968080684,-3.3935488339625133,0.0013283002047610427,0.0009118776380809449,0.0,0.0,0.0012651446524616931,0.0011634909121749782,147.98602566065233,146.81377898414542,0.0012325755897984647,0.0014115537656513852,23819.762643902366,24177.16332302209
cap_us,"US ceiling, users",12066.537317498543,48875.21082054714,202461.24837950224,0.0016095850415419866,0.0015424081188310209,135.28042295494078,136.0154011200592,0.0013054339107449182,0.001245780540905704,61.0,61.0,0.0015370136869636531,0.0017932652399644151,-3.4062297298000264,-3.4794069750611962,0.0012213230070621667,0.0008497804646719512,0.0,0.0,0.0015265954740999127,0.0016067800074794501,146.12684897258805,148.06565642628362,0.001408481742986446,0.0015669696710649231,23379.23764953857,26209.307496696405
us_entry,"US entry cost, Rs",11945751.756042458,28972656.165298074,70605881.17528567,0.001606532277982395,0.0028409554570348896,133.38008779831313,144.84284854490417,0.0013886364498580668,0.00094006748475642,61.0,61.0,0.0009542896914215614,0.0009594832088987065,-3.5037063289698436,-3.4383204011142823,0.0011667200624033655,0.0010637961313994906,0.0,0.0,0.0010334045095064996,0.0012673569996746428,148.9551727391362,149.7296737373133,0.0009376056124580137,0.001375987313063716,22748.511899358222,23758.79516483163
uk_legal,uk_legal,347710.1525011987,750798.119552979,1600214.6180587327,0.0015161881384210603,0.0029276388813628453,133.46219336089501,140.95715923254923,0.0013294562268077446,0.0012742391928055972,61.0,61.0,0.001011324765310267,0.001402523150602561,-3.37201126771735,-3.5124225384303296,0.0008246158989288355,0.0012809443070436125,0.0,0.0,0.0010811127103147625,0.0009452662164494154,148.82402375078897,147.98523499836114,0.0013384936469187042,0.0015090050019712646,23002.120873518914,23868.16657278855
gen_infl,gen_infl,0.08240351528829201,0.09774773659139308,0.11556138677989704,0.001510275350586832,0.0011240205471463002,135.98313421316385,140.51186698041073,0.001049193619029623,0.0009209360637973406,61.0,61.0,0.0015239457818098903,0.0020921340844303337,-3.278930778878186,-3.6418005394966677,0.0013060132885737766,0.00153352743607632,0.0,0.0,0.000743784166789838,0.0007686622024066565,148.22780501001347,146.9010667418728,0.0009681354971095928,0.0005683675151809177,24403.623505682895,23977.415570773628
inc_rate,incidents a month,0.018244452845761476,0.029147619123642853,0.04350329250112166,0.0015080333601020564,0.0013286045159165115,137.88834142488565,137.01161895242808,0.0009005568061039794,0.0011862015025867543,61.0,61.0,0.0012616708300006347,0.00103779598338324,-3.4840338254341114,-3.4693141676713983,0.0007989859453134794,0.0016987549210556382,0.0,0.0,0.001077218278045811,0.0011005262706738175,146.2018199898423,148.95242742104443,0.0008994102765399288,0.0011686143478502856,24228.938818165065,23284.43800258013
insur_1k,insur_1k,8849.620467938095,20094.29003316517,44787.37732424924,0.0014740003194357175,0.0013958293279408235,136.0838390748662,135.40840195525936,0.0007289794588689787,0.001737389028300975,61.0,61.0,0.0011899500666563052,0.001674207816086771,-3.4147914557019803,-3.419423947153753,0.0010887158557479348,0.0010089139179810347,0.0,0.0,0.001628254932161625,0.0016705430935263586,147.79405015515272,146.98698626348698,0.001209950149941886,0.0015571444282728593,23904.89330719713,23321.888556857488
replat2_m,replat2_m,33.73429492226596,38.522329568587566,43.69953106842671,0.0014704717511414723,0.0019616807461417,135.86887676269913,134.66625085952174,0.0009390276697114705,0.0013028038022345114,61.0,61.0,0.0014735794385405667,0.0015935313386750787,-3.455742590076222,-3.41355849293846,0.0009081918346310819,0.0009039856906674634,0.0,0.0,0.0013763715895502016,0.001249679300227948,148.32463615904754,147.57964474103812,0.0008418469538006864,0.0014813448708283637,23486.51694624041,22918.699872185607
us_legal,us_legal,695413.6613278221,1560908.4953970844,3479881.702473334,0.0014666400354741856,0.0020903568744358937,132.55018713878036,142.74698808931606,0.0015861224700884531,0.0009766993692717466,61.0,61.0,0.0012995243440578424,0.002161881965618453,-3.249773015374232,-3.701352420734588,0.0013260715131423152,0.0010053561914971415,0.0,0.0,0.001162824237427658,0.001232039807375098,148.42463960728105,148.49211788281843,0.0019426532087323777,0.0012534576171773946,23458.696283820624,24219.2067924752
perks,perks,774.8613870983087,1258.2433392767418,1889.4269056458934,0.0014190723814556615,0.0016781681336241708,134.64059912856345,139.72244547795196,0.0012608442190944335,0.001437027196578818,61.0,61.0,0.0007759587966278279,0.0012778260186183151,-3.335347053938783,-3.5450376394110577,0.0013539301583763983,0.0015635215519175546,0.0,0.0,0.0010764540232775376,0.001032877096187194,148.80682516007147,148.9581632619836,0.001575895240553044,0.001211388351755972,24589.500862188557,24914.96762669448
replat1_m,replat1_m,16.88627355702648,20.551077504331005,24.67768141294305,0.0013851549971206473,0.0016098973734609916,140.30619331632926,133.2415614774128,0.0011770737445607252,0.001323797451943243,61.0,61.0,0.0013366119987134367,0.0016580567728213928,-3.5434666848768996,-3.324644376327127,0.0015968575448175957,0.0010570624933076568,0.0,0.0,0.0021917304091038743,0.0021847748577994417,147.68465525639226,145.05301738312482,0.0009067276228333634,0.0008554520391798816,24495.368323954426,23995.942742957344
attrition,annual attrition of the floor,0.2942063307726071,0.3830349277119118,0.47614280827286215,0.0013655475854587923,0.001303512875092533,133.66095312264378,139.1850505788257,0.0010495451980995214,0.000860316392679541,61.0,61.0,0.0012918126947164428,0.0011414444004673617,-3.3802834933832333,-3.5059189300156737,0.0012525246897243387,0.001022302579149508,0.0,0.0,0.0016800142431331146,0.0017779124403722816,145.09885563606753,147.59087894273077,0.0007174102620256529,0.0006103889305159719,23175.23428080613,24762.139857986607
legal_base,legal_base,180400.8260431103,355356.38022002217,700062.6355503489,0.0013309041262446106,0.0017246463922228658,134.29853490820582,144.6694412267339,0.0010497615544502019,0.0009339570922673935,61.0,61.0,0.001115161739091388,0.001533335325492086,-3.4393235468807513,-3.578201980486771,0.0008691897313033669,0.001445640031056602,0.0,0.0,0.0009937595969407966,0.0010226588195316473,147.0492618212402,146.78485692732698,0.0015888426542207052,0.001528682179406705,23702.078342136767,24873.200308904597
audit,"annual audit, Rs",1205044.6773308136,2457903.066517523,4968594.6494860565,0.0013098925036850138,0.0010153687838284204,133.04408610679607,142.20678267037445,0.002070645756328059,0.0018399180892110453,61.0,61.0,0.0013391236980926703,0.0008186144908527858,-3.3218819166046183,-3.5347330596966873,0.001555626749871154,0.001576975875946189,0.0,0.0,0.001143109758604662,0.0011396072970290194,148.02681662203156,146.76442094652685,0.0015548932233129982,0.0016230215453888045,23698.60824178587,23272.124859129035
jump_rate,jump_rate,0.03232158007823914,0.04750674737596061,0.0655095379676561,0.0012365025580739987,0.0018028508681321247,140.97291169151526,132.6022311780443,0.0022657856623806392,0.002105899570289749,61.0,61.0,0.002065148628244684,0.0034682902594319756,-3.5871925139318703,-3.238719052114221,0.0018453566603056095,0.0018718206497058015,0.0,0.0,0.0028034917671030464,0.002992901755369756,152.40029223637356,143.6797480748205,0.0013675872664323451,0.0010523122429482803,23430.81119817173,25116.193819673863
fric0,new-market friction at launch,0.1691970443678063,0.2300135770486218,0.3023059947032292,0.001146062214250974,0.0013342931941369835,136.78049644583564,137.03142177172452,0.0008955129986784628,0.0015775882608814703,61.0,61.0,0.0008594320993771342,0.0011284328911660801,-3.436070797257371,-3.464043230824216,0.0006374058029558023,0.0007713609205284022,0.0,0.0,0.0012110505401283951,0.0011940914633589788,146.33162657164024,148.45865402041264,0.0008246958547919966,0.0010393834013772084,24951.006915526978,24013.812288686986
seat0,seat0,2713.937099579876,3355.895519644961,4147.2763244893085,0.0010673944089931847,0.0012991156638265406,136.49353995448314,133.28784447747677,0.00098843129016487,0.0012365993809289977,61.0,61.0,0.0012545779677753076,0.0009171246080978109,-3.4422545293908886,-3.2987515214900336,0.0008413310860692845,0.0010221641102491589,0.0,0.0,0.001017181736712757,0.0009739841412874592,149.67289519106043,147.33782156224592,0.0012779799849636146,0.001021276337766941,23279.77515253691,24073.839545671108
fric_hl,months to half that friction,9.077801647084298,13.004650166343636,17.99525312044043,0.001060056768432965,0.0012829623815711559,137.2760644848215,139.9182673634488,0.0013702664434570781,0.0010008770591146952,61.0,61.0,0.0008997794358967662,0.000996566649586417,-3.4245141912242376,-3.547320698697093,0.0011433188004067363,0.001157301423579504,0.0,0.0,0.0020209013689456465,0.0018650125054287792,146.9633760633145,148.31778573116833,0.0009338025865857151,0.0005452197398417983,24418.510535567348,24591.05649981014
seat_scale,seat_scale,1.2958651411056559,1.4895809158884827,1.7173841400776497,0.0010482866983497212,0.0014585417041176074,137.06042888964183,138.13253760352376,0.0013216403536389768,0.0011161469474328678,61.0,61.0,0.0009333416905710156,0.0011618128574870322,-3.44962749343302,-3.508353783909251,0.0008881336100625427,0.0007915374344088428,0.0,0.0,0.0008604477167825136,0.0008588949791797374,147.44422127269553,147.86154488163106,0.0011493135396375787,0.0008465792896664484,24804.94865451477,24392.76222692703
soc2_m,soc2_m,12.902678189206963,16.522344774030472,20.726635642321476,0.0009984642554873174,0.0007468494578958746,139.60929617107757,139.27623557840343,0.0019118604783277275,0.0010501532128166346,61.0,61.0,0.0011291166707504594,0.0012834802412124478,-3.440855206213006,-3.5118547763409302,0.001477622543215723,0.0012973334172033345,0.0,0.0,0.0018378705919839902,0.0018397348655305866,145.81153180806155,149.04788834534946,0.0013945766730373513,0.0013709408095986034,22866.428418953525,23487.463241660414
churn_vol,churn sensitivity to saturation,0.15010832593085044,0.21290499413543912,0.2892575726351716,0.0009704133959676941,0.001075753952265636,137.55395014123758,137.5710863735307,0.001427377758903902,0.0014665941078477328,61.0,61.0,0.0016211815888834608,0.0013444016076422564,-3.5040771849367327,-3.432066823714586,0.0009048487972029919,0.0010717298744343238,0.0,0.0,0.0009631640317299101,0.0009851606116416517,148.40057594843853,148.71397022499843,0.0009826808921794838,0.0009702113140717798,24153.91975225694,25675.76243088609
cap_uk,"UK ceiling, users",7883.958560770417,26555.200502205025,90059.94051079264,0.0009416522406632228,0.0016670359306063397,138.5789966156396,134.99915448985922,0.0015979409357450498,0.002078689502762972,61.0,61.0,0.0017139169744746494,0.0023359327722385836,-3.579947664889989,-3.33452515190616,0.002812608822832945,0.0010823205054808012,0.0,0.0,0.0011159345987456846,0.0012259980051537445,148.826851112717,147.23414233634068,0.0020935384979170616,0.0024461038220615094,21721.595753941107,24966.481184766722
makegood,"make-goods, share of revenue",0.016422809425882604,0.025024607961769127,0.03597725989590316,0.0009325801899210259,0.0010493324542970815,137.32119150778027,139.24964109038223,0.0013736199668928186,0.00154202357188506,61.0,61.0,0.0009005498674952723,0.0014847168180667908,-3.4207786430417984,-3.621589043090575,0.0011377470713599196,0.0009278918723309771,0.0,0.0,0.0011368686253796646,0.0010634571934573936,148.20160186082856,146.74541385401147,0.0015908457529108142,0.0012353962567897413,24321.655644912615,23931.82641182791
replat1_c,"first replatform, Rs",3460429.765915277,7920147.138896896,17808917.139030337,0.000726201871750419,0.0009094924081024805,136.01501157596786,137.65527744749045,0.0010387814696525533,0.0011548162266145402,61.0,61.0,0.0006422330448714232,0.0008191901629617257,-3.439853607441363,-3.474467700405026,0.0010062542658550511,0.0013943332347995832,0.0,0.0,0.0007096331043395269,0.0006301275089065696,147.3385932913578,147.29779262788986,0.0007012932977511619,0.0008133552287446393,23454.144779106296,24250.00447944278
replat2_c,"second replatform, Rs",8029702.214291943,18854377.594674084,44565915.00395836,0.0006857113025175403,0.0016936606226891499,137.83845237800583,143.66639140800382,0.0010881377621542565,0.0009943062787757652,61.0,61.0,0.0006454939358072934,0.0012283139469145346,-3.511748217389231,-3.559823295180648,0.0012168656238247136,0.000988157911645394,0.0,0.0,0.0006305050669591162,0.0006213447773783622,148.25156109199878,147.298310057496,0.0021662079423878052,0.002505432162897333,25060.379286212505,24312.598519258932
inc_cost,"cost of an incident, Rs",400657.59964231204,1924692.8209510194,9103299.393507909,0.0006381450256612379,0.0006315772662189431,135.03601807947115,137.9654666555847,0.000817273133359343,0.0010298241867470609,61.0,61.0,0.0006815727782093464,0.0009886470050028675,-3.429318697853129,-3.411017576501958,0.0010508280982295833,0.001079888083027221,0.0,0.0,0.00152697965034004,0.0014294698877624244,145.22638590201822,146.79717448389653,0.0009740823681294591,0.0010887881861582221,24763.7513780372,23673.718809709542
price_us,"US price, $ a month",57.642790246897974,73.76332942389004,93.47724248490307,0.0006318887302621072,0.0008036440978153606,135.82175934267838,136.7958571418701,0.001390008960457758,0.0008127107634367756,61.0,61.0,0.0009060825090510056,0.0010104683432574217,-3.503779343335913,-3.3403638798628608,0.0011143458093632907,0.0011700173928337967,0.0,0.0,0.0010132948482089732,0.0011935193034588005,149.13908191742536,146.13489481803714,0.0009582588311613141,0.0007002563234318923,23939.74591363271,24165.650577771048
