month,users_cons,users_opt,users_med,users_plan,users_ind_cons,users_ind_opt,users_ind_med,users_ind_plan,users_fgn_cons,users_fgn_opt,users_fgn_med,users_fgn_plan,sub_rev_cons,sub_rev_opt,sub_rev_med,sub_rev_plan,commerce_rev_cons,commerce_rev_opt,commerce_rev_med,commerce_rev_plan,revenue_cons,revenue_opt,revenue_med,revenue_plan,labour_cons,labour_opt,labour_med,labour_plan,tokens_cons,tokens_opt,tokens_med,tokens_plan,eng_cons,eng_opt,eng_med,eng_plan,compliance_cons,compliance_opt,compliance_med,compliance_plan,geo_fixed_cons,geo_fixed_opt,geo_fixed_med,geo_fixed_plan,sales_cons,sales_opt,sales_med,sales_plan,gna_cons,gna_opt,gna_med,gna_plan,onetime_cons,onetime_opt,onetime_med,onetime_plan,total_cost_cons,total_cost_opt,total_cost_med,total_cost_plan,contribution_cons,contribution_opt,contribution_med,contribution_plan,cum_cash_cons,cum_cash_opt,cum_cash_med,cum_cash_plan,floor_heads_cons,floor_heads_opt,floor_heads_med,floor_heads_plan,blended_min_cons,blended_min_opt,blended_min_med,blended_min_plan,arpu_usd_cons,arpu_usd_opt,arpu_usd_med,arpu_usd_plan,gmv_cons,gmv_opt,gmv_med,gmv_plan
1,219.98201648745933,275.7155136218569,253.4465836460412,239.48874048449846,219.98201648745933,275.7155136218569,253.4465836460412,239.48874048449846,0.0,0.0,0.0,0.0,1034556.7083711281,1369903.6014416136,1228153.5814403868,1151928.120945798,0.0,0.0,0.0,0.0,1034556.7083711281,1369903.6014416136,1228153.5814403868,1151928.120945798,802970.0703524855,927795.3867175058,876674.6428887314,846658.9310802426,172332.04962630032,210109.22649128636,195509.0501612451,185554.06152904543,2814970.8059908827,2824440.65070374,2769411.414535347,2818285.2516403827,414555.49793080345,403683.6215017575,411646.55447976704,410750.34118063736,0.0,0.0,0.0,0.0,42451.456961484146,74037.53662459098,60686.26640181516,53506.58484357154,1822011.176147929,1803526.7958437563,1787088.339728759,1815541.6430414687,127409.10544801471,105226.44412878335,106973.12059505911,119645.17398628374,6251531.615203883,6420448.837905452,6272703.718039234,6310652.643149432,-5216974.906832754,-5050545.236463838,-5044550.136598849,-5158724.522203634,-5216974.906832754,-5050545.236463838,-5044550.136598849,-5158724.522203634,9.917333333333334,11.717333333333332,10.91,10.547333333333334,9.172982288669036,9.129761579058437,9.05125260420874,9.157855040305327,52.59548837402952,55.37903527562382,54.21123521090745,53.56972978958753,10604663.7263338,13501771.472716603,12097551.79331509,11618651.437567782
2,231.35335475359332,315.9333545404818,278.9379495334917,260.9563546790043,231.35335475359332,315.9333545404818,278.9379495334917,260.9563546790043,0.0,0.0,0.0,0.0,1090280.5821391346,1573693.6566700332,1354543.2882594704,1259475.1582249491,0.0,0.0,0.0,0.0,1090280.5821391346,1573693.6566700332,1354543.2882594704,1259475.1582249491,813607.4315028923,1007229.7221216313,919819.8290226278,881375.2332194508,174923.13011372017,232487.36274775644,207771.14082316618,195070.61153563287,2887984.4054964725,2961904.0279686223,2873108.682568697,2913856.273361725,414844.5023126715,404666.1418693494,412302.30009407114,411282.07615750877,0.0,0.0,0.0,0.0,45074.694416719576,84890.83349163472,66270.17413799917,59010.343092939875,1859971.8928179818,1899783.9641737645,1855636.8299277124,1873906.1177925058,191453.16281627034,103614.072380652,133318.1389343212,160709.48116380392,6445642.466376253,6776895.905432756,6539616.308907262,6561581.17004603,-5355361.884237119,-5203202.248762723,-5185073.020647791,-5302106.011821081,-10572336.791069875,-10253747.48522656,-10229623.15724664,-10460830.534024715,9.956333333333333,12.674,11.38,10.907516666666666,8.764302867919081,8.716841279765928,8.645563295608754,8.747691312065477,52.738370781349744,55.541721664002786,54.3668876378058,53.719543590278306,11143856.569635216,15477365.988207366,13303777.622034848,12660584.866135469
3,244.37621895949988,363.166017385288,307.23555973406053,285.9526484085257,244.37621895949988,363.166017385288,307.23555973406053,285.9526484085257,0.0,0.0,0.0,0.0,1154095.1127725216,1812909.7093235047,1495257.4563384326,1384680.2215653658,0.0,0.0,0.0,0.0,1154095.1127725216,1812909.7093235047,1495257.4563384326,1384680.2215653658,824442.4629413356,1089478.4465804666,960614.6458138288,917205.0572150315,178531.76081412233,258194.23579033604,221019.64437723573,206413.62705579714,2968635.9178143605,3106418.1671833396,2986210.5373709407,3016859.705093503,415176.4853132264,405823.4398332095,413026.0770498958,411902.91939522047,0.0,0.0,0.0,0.0,48324.972938984465,98426.76132823082,73638.13750307041,65860.59887522069,1901916.023142578,2004203.3877456016,1928262.765684187,1937716.6007536363,103761.82976421971,127285.60314108658,117502.70578313488,111995.15044612312,6501975.592946147,7184694.122319148,6779068.784233332,6740927.078226697,-5347880.480173625,-5371784.412995644,-5283811.327894899,-5356246.856661331,-15920217.2712435,-15625531.898222206,-15513434.485141538,-15817077.390686046,10.000666666666667,13.654,11.815,11.279333333333334,8.325519714612053,8.274180486001116,8.210217285566934,8.307550984598224,52.88171789218626,55.704970832428025,54.5230686858233,53.86985642127088,11766794.093817785,17781874.118478965,14647186.138252446,13872072.102449197
4,258.0851736100797,417.4521967731614,338.9557108994401,313.86363171715834,258.0851736100797,417.4521967731614,338.9557108994401,313.86363171715834,0.0,0.0,0.0,0.0,1221224.9674044545,2088801.9108627702,1652958.0011607502,1524876.897614865,0.0,0.0,0.0,0.0,1221224.9674044545,2088801.9108627702,1652958.0011607502,1524876.897614865,833033.6908532693,1180550.808087289,1002853.6671965341,954664.6818851762,182105.95952965703,286431.34610522,235534.34628587717,218619.84483110404,3051437.0371963303,3257880.10029164,3097765.651611571,3123692.1092796884,415523.25836068153,407146.1319572889,413826.6952391942,412591.2641194941,0.0,0.0,0.0,0.0,50805.966285587696,113283.5400774305,81184.1849627021,72673.11711273267,1944083.1359430344,2114090.695388889,2004661.2260789222,2003585.7817490837,153422.6223551582,133472.50749961595,104606.36095646063,146440.0821557184,6695164.62342084,7602152.321087855,7027575.346462464,7012610.317604296,-5473939.656016384,-5513350.410225085,-5374617.345301714,-5487733.419989429,-21394156.92725988,-21138882.30844729,-20888051.830443252,-21304810.810675476,10.005,14.720333333333333,12.2625,11.655366666666666,7.88406699526479,7.828991923028302,7.7725041915576405,7.864790719982019,53.02553140796831,55.86878494203678,54.67978035662186,54.02067014489228,12428792.288177582,20422059.19356059,16150946.404144881,15226435.705061633
5,273.38796498489825,479.6471033304492,374.11789310251714,345.5786634058411,273.38796498489825,479.6471033304492,374.11789310251714,345.5786634058411,0.0,0.0,0.0,0.0,1296205.8643526877,2406112.504426051,1827973.7925124536,1684673.1883783648,0.0,0.0,0.0,0.0,1296205.8643526877,2406112.504426051,1827973.7925124536,1684673.1883783648,842753.7158819402,1274586.0022454916,1047434.492175091,993895.0161091832,186361.22891811593,317843.83733216627,250921.4706293229,232380.14186303352,3133228.182991092,3413795.983945279,3213981.744883644,3231426.9133250574,415916.13608770736,408655.27103598975,414710.68038806313,413374.83331960614,0.0,0.0,0.0,0.0,54511.540574548264,129960.07728280159,89965.38089332993,80918.52842243694,1990216.1518018988,2229439.2310080472,2084017.2944104539,2073944.2295240508,128859.4868694274,117301.30143130998,71366.79586998188,124814.1219660863,6820557.250604696,8017518.83457653,7268761.9332689,7239493.804994837,-5524351.386252007,-5611406.3301504785,-5440788.140756447,-5554820.616616473,-26918508.313511893,-26750288.638597768,-26328839.9711997,-26859631.427291952,10.026666666666667,15.821666666666667,12.723,12.054916666666667,7.45560240586323,7.396775086590586,7.346869584699265,7.4350128441178045,53.16981303690311,56.03316616289415,54.83702466004681,54.17198663099997,13160340.23462941,23456021.345051173,17806457.88386398,16763828.623277025
6,290.05831310734635,553.3051811765821,413.5379917633798,382.19471693157885,290.05831310734635,553.3051811765821,413.5379917633798,382.19471693157885,0.0,0.0,0.0,0.0,1378186.022340297,2782604.837398807,2024476.1071475602,1869732.6076107756,0.0,0.0,0.0,0.0,1378186.022340297,2782604.837398807,2024476.1071475602,1869732.6076107756,852521.6815112346,1384753.2270746068,1094751.9974502989,1038802.722458415,191145.93533590983,354210.2771058016,268034.15874751454,248218.45495537197,3220147.2563499007,3588320.7035477962,3344432.1371684154,3349007.962869164,416340.20518191194,410456.07769083604,415719.5022335852,414280.76056003536,0.0,0.0,0.0,0.0,58016.30153445505,152055.6733711046,100132.53007977898,90930.0816772824,2037872.3580316594,2354427.221685937,2167439.03943414,2148666.5603106567,141342.02165186836,80179.72665190292,209395.83027022504,119935.21840188047,6990422.974195234,8470095.175062617,7706639.443049349,7508308.244498817,-5612236.951854939,-5687490.337663809,-5682163.335901788,-5638575.636888043,-32530745.26536683,-32437778.976261575,-32011003.307101484,-32498207.06417999,10.054333333333334,17.087333333333333,13.2115,12.515883333333335,7.0471573935129515,6.984936104794633,6.941466230978219,7.02537994246154,53.31456449400468,56.198116674031866,54.994803614162095,54.323807757014194,13962863.18087236,27044275.953536693,19677766.38468254,18541357.65130488
7,307.8183298629384,637.6311259533345,459.1429877773508,423.25280849457704,307.8183298629384,637.6311259533345,459.1429877773508,423.25280849457704,0.0,0.0,0.0,0.0,1465398.4415124487,3214892.1430182043,2252212.866331048,2077721.2370394631,0.0,0.0,0.0,0.0,1465398.4415124487,3214892.1430182043,2252212.866331048,2077721.2370394631,862612.4810368996,1507589.2964358153,1149708.6201614805,1088354.36642652,196080.5437192969,394274.3828201925,287565.2588596073,265448.38740461034,3308807.0425236793,3764422.106529495,3478175.1842998248,3468272.3149257144,416791.97871043603,412522.0904308442,416865.0071172464,415297.51781257894,0.0,0.0,0.0,0.0,61446.56602747939,175641.56908070366,113051.40623513292,101414.81709610789,2087011.4393004125,2485816.0526231034,2257374.5159887616,2226593.0539633543,155146.21137869317,106918.42454330754,118073.56438735787,138266.4859863082,7165566.047663076,9015520.58466591,7939574.571636429,7813050.135614067,-5700167.606150627,-5800628.441647707,-5687361.70530538,-5735328.898574606,-38230912.87151746,-38238407.41790929,-37698365.01240687,-38233535.9627546,10.081,18.47833333333333,13.7845,13.020066666666665,6.662321655814389,6.597945954934165,6.559916877094223,6.63979016050631,53.45978750112257,56.36363866348746,55.153119245286,54.47613540795028,14823045.94258011,31149077.583789684,21832905.339362264,20537157.01700346
8,327.71073169214793,735.6514189178191,508.3528722296969,470.48997222113286,327.71073169214793,735.6514189178191,508.3528722296969,470.48997222113286,0.0,0.0,0.0,0.0,1563345.792939614,3718170.303285797,2498769.4813716193,2317534.371560778,0.0,0.0,0.0,0.0,1563345.792939614,3718170.303285797,2498769.4813716193,2317534.371560778,876327.764055567,1643151.5562038056,1206636.5202132622,1144716.0913074506,201797.4514569772,439396.9089660031,307930.56593018485,284957.2615851363,3410032.5199926756,3951026.8526892266,3614388.1646521157,3599380.5364364684,417302.7540500353,414909.29961183923,418127.68794483517,416465.0449966667,0.0,0.0,0.0,0.0,66522.25370058848,203873.0901323691,123016.8912712216,114595.04645171169,2138796.1728128158,2625002.23338306,2348768.1574067124,2308968.2940124013,131447.31807083602,124514.5273747057,162720.58473630494,129020.8413271904,7325089.3326503625,9596593.679752031,8313361.860095036,8120115.854135946,-5761743.539710749,-5878423.376466233,-5814592.378723417,-5802581.482575169,-43992656.4112282,-44116830.79437552,-43512957.391130276,-44036117.44532976,10.146666666666667,20.004666666666665,14.359,13.596966666666667,6.302963334990879,6.236639646488191,6.203639786089631,6.279750044014937,53.605483786971,56.52973432834347,55.31197358802668,54.62897147645137,15773978.800098978,35933426.936272085,24159352.8449811,22829785.647759564
9,348.8831000930429,847.8679602537248,564.6131496705958,523.5278011492816,348.8831000930429,847.8679602537248,564.6131496705958,523.5278011492816,0.0,0.0,0.0,0.0,1667718.151096852,4295845.709353456,2780826.1252936525,2587562.7964866636,0.0,0.0,0.0,0.0,1667718.151096852,4295845.709353456,2780826.1252936525,2587562.7964866636,891092.0555932841,1794746.1611340675,1269306.0183453923,1207370.9925325583,207747.78881125117,489381.11551570887,330869.52658161154,306319.4531578113,3506182.453346583,4150093.878373848,3757315.5858081663,3731551.4521061257,417847.0795492908,417682.9418996277,419545.6299578271,417789.6313719087,0.0,0.0,0.0,0.0,70373.17188448127,234958.66179130337,140089.7286951083,127978.093351869,2192874.440791692,2771905.6440941677,2447946.8703449816,2395535.361947559,172195.2262327126,179117.661810028,125483.681876924,174618.07868477298,7546703.373806977,10262938.973891059,8637257.857108317,8497385.833836405,-5878985.222710123,-5967093.264537603,-5856431.731814665,-5909823.037349741,-49871641.633938335,-50083924.05891313,-49369389.12294494,-49945940.482679516,10.229333333333333,21.697333333333333,15.0105,14.243133333333333,5.9683912949736575,5.90077374219578,5.8718896343620495,5.9447251515014,53.75165508715787,56.69640587476693,55.47136868531822,54.78231786282104,16788876.39227152,41402740.645270206,26836080.21721273,25403728.880821057
10,372.4902003921478,978.262028485211,626.4885061055113,584.5103402247199,372.4902003921478,978.262028485211,626.4885061055113,584.5103402247199,0.0,0.0,0.0,0.0,1784394.038766072,4968852.529286667,3091715.7004128085,2898954.51044828,0.0,0.0,0.0,0.0,1784394.038766072,4968852.529286667,3091715.7004128085,2898954.51044828,907865.671487499,1962811.221815466,1338740.3824210435,1277096.6141022875,214467.90226817346,545727.2623907129,355074.049341906,330408.6783110623,3607069.660236091,4354701.467651828,3906782.426637026,3868740.792831599,418456.10573553626,420898.3136825651,421118.5336823827,419310.87851699634,0.0,0.0,0.0,0.0,75942.03981958133,273123.0477456357,155198.13186520545,144955.39259370035,2250035.1787790516,2928082.7407459742,2549166.9765222566,2487351.8254674748,111077.0661248798,104891.02421296664,182903.30165402882,108911.9514557102,7679503.003756244,10850592.356485108,9072125.537609456,8789384.277211346,-5895108.964990171,-5881739.82719844,-5980409.837196647,-5890429.766763065,-55766750.59892851,-55965663.886111565,-55349798.9601416,-55836370.24944258,10.335333333333333,23.552333333333333,15.715,14.961283333333334,5.6580128657352935,5.5892196185883005,5.564006468433794,5.633935229233846,53.89830314421411,56.86365551804895,55.631306588456525,54.93617647505631,17927633.90464246,47762706.28369001,29773339.821957253,28369909.237309102
11,397.3089181245783,1130.7182505215994,695.1288736994134,654.0021844635357,397.3089181245783,1130.7182505215994,695.1288736994134,654.0021844635357,0.0,0.0,0.0,0.0,1907056.4615552826,5757094.752519664,3437465.7359630736,3254569.863392816,0.0,0.0,0.0,0.0,1907056.4615552826,5757094.752519664,3437465.7359630736,3254569.863392816,926093.1659296028,2157642.3627745635,1413034.567658497,1357135.384825339,221297.84863295086,609878.5093627864,380933.89354777755,357301.0798883933,3711765.5741514587,4572458.617248038,4064644.0974469753,4013008.1392352614,422222.02117157285,427234.38249695796,424398.88537372206,423976.34763545764,0.0,0.0,0.0,0.0,81196.7151226935,318026.37932758953,171388.36295325053,164087.0975944071,2307455.6998689007,3094609.2464739634,2653383.88566598,2582959.4411806725,244952.30564209152,245145.5355359529,188003.12672312875,245019.936104943,8016073.338972614,11726651.417613128,9477192.343100185,9314775.666496795,-6109016.877417333,-5969556.665093465,-6039726.607137112,-6060205.80310398,-61875767.47634584,-61935220.551205024,-61389525.56727871,-61896576.05254655,10.451666666666666,25.676333333333332,16.465,15.7803,5.370826555208956,5.300103817475657,5.279226156029235,5.3460735970023014,54.045429707623,57.031485482644456,55.79178935713559,55.09054922888051,19111726.916130126,55190074.16273698,33004440.100880258,31739148.452442527
12,423.98366419684885,1305.9414835366974,774.3752235164666,732.6689009657958,423.98366419684885,1305.9414835366974,774.3752235164666,732.6689009657958,0.0,0.0,0.0,0.0,2039442.2237200623,6665464.965579156,3836183.830067476,3658550.183370745,0.0,0.0,0.0,0.0,2039442.2237200623,6665464.965579156,3836183.830067476,3658550.183370745,945687.658556506,2370839.6521459618,1498056.201464009,1444490.8563128156,228439.9582161921,681136.7758673225,410416.1978182567,386883.84439408773,3818554.074076821,4806666.497364428,4227680.668797148,4164393.4222274832,432067.8279609265,439387.5328745017,433481.1206569303,434629.7246806779,0.0,0.0,0.0,0.0,86630.97176648732,367074.94229477877,194764.47744843562,184786.36145138933,2366865.400213466,3269388.036914483,2767953.449261482,2682748.323058822,435422.5011942147,369541.00896302337,354775.0886886438,412363.97891329776,8421780.058623996,12653392.58111349,10089583.17619943,9902844.441495318,-6382337.834903936,-5987927.6155343335,-6253399.346131954,-6244294.258124575,-68258105.31124978,-67923148.16673936,-67642924.91341066,-68140870.31067114,10.583,28.003,17.3295,16.68,5.104107654011284,5.032587980388689,5.015338902805401,5.079075768243376,54.193036533849714,57.19989800221229,55.95281905948384,55.24543804777662,20381227.445911348,63744342.394857116,36724643.274980195,35558317.67804237
13,454.0513567567822,1509.8278951093405,861.3766959506431,823.5731451801776,453.87000007479884,1509.5137784051076,861.3766959506431,823.3453224904069,0.18135668198322139,0.31411670423302446,0.0,0.22782268977065245,2188614.464981404,7725982.115545512,4276487.692672428,4126693.142678842,142.12605748113228,343.06800869268875,217.77930048337166,212.45574040517704,2188756.5910388855,7726325.183554204,4276705.471972911,4126905.598419247,969275.745188319,2617639.065084478,1587539.1908339658,1546202.9071519747,236705.50760267777,760970.7089054276,441691.4489029969,420198.3280586402,3936006.3038510047,5055603.807799256,4403421.6473365035,4327865.430232893,446221.06368679425,459063.3178698223,449284.97614373546,450715.8526508541,6610.704158805562,4335.318264096309,0.0,5814.3190956573235,95150.84823629163,431549.72981294343,216643.93320248846,212890.45678811974,2430089.178200066,3455021.4146725642,2885473.9625750263,2788815.4609654406,534830.6037365958,515963.5937551464,497982.4137901332,528227.1502430885,8770907.95192149,13705060.843846472,10707809.979368431,10497861.464095233,-6582151.360882604,-5978735.66029227,-6431104.507395519,-6370955.865675987,-74840256.67213237,-73901883.82703163,-74074029.42080618,-74511826.1763471,10.754666666666667,30.645,18.229,17.716283333333333,4.857229867932589,4.784406999238701,4.770116017750771,4.831741863889729,54.35499572826988,57.37944755845886,56.11715832416,55.41355386883602,21825713.164765336,73686001.82584038,40834482.545355745,39976814.1961416
14,488.1799728258674,1748.1078566469375,960.3099616722343,929.154732163242,486.41109347156157,1745.457104632975,958.6568871990991,927.0771973780562,1.768879354305945,2.650752013962735,1.6530744731351232,2.0775347851858212,2362945.1515135244,8974405.578163667,4781788.751972477,4676956.300841074,1048.3625338819606,3376.894286480057,1914.5998983686889,1863.3486472912944,2363993.514047406,8977782.472450145,4783703.351870846,4678819.649488364,998000.4918791516,2894093.905333291,1693232.5510063418,1661633.1865881002,246282.2217419129,852024.279953562,476862.5818778827,458291.94211599,4080453.018752122,5337572.591359706,4595623.960948708,4520444.869164776,466217.75512423227,485760.8439587454,470493.1524154948,473057.8362163119,48776.73013407998,47418.85219341035,35043.24248696427,48301.47285484561,104312.08392605826,503828.58625306434,245022.1652854776,244142.85974051038,2499413.110557735,3654925.001409917,3009432.2332876185,2903842.272355999,1023727.0347986085,997052.1666555748,1007746.6066487024,1014390.8309485468,9592489.09528942,15243198.244764732,11786010.314528102,11570237.297605779,-7228495.581242014,-6265415.772314588,-7002306.962657256,-6891417.648117415,-82068752.25337438,-80167299.5993462,-81076336.38346344,-81403243.82446453,10.985333333333333,33.60733333333334,19.2875,18.903033333333333,4.628844365252043,4.555383917685021,4.543676775217362,4.603133208603586,54.62371546894147,57.61280367926531,56.36527837559929,55.669896342554814,23698382.287513316,85595309.68532555,45736256.21305681,45362306.87674759
15,525.1306999719862,2020.3906474907287,1073.4632194609235,1048.4716816035461,520.5904142934669,2013.459475197563,1068.1802322798867,1043.0945856099006,4.5402856785192265,6.9311722931659085,5.282987181036529,5.377095993645565,2555800.8471419816,10408455.575984601,5366836.838671588,5304230.002236898,3778.6306169140253,14285.679294268915,7527.180816151637,7456.097653988237,2559579.477758895,10422741.25527887,5374364.01948774,5311686.099890886,1029131.2611632447,3208753.770720309,1813959.1914613212,1791999.139508217,256468.52629682366,952467.5116460688,516174.594282273,500068.17116905947,4239165.644083581,5661227.657161567,4834735.831280535,4736887.348660876,494984.6601037949,518735.37091166194,498697.01191176864,503297.40888654836,119630.47237733452,133700.91575187707,115705.4036480539,124555.12755842441,114921.49846174475,590445.0063189853,280516.73909783957,281354.72621177894,2570909.3540951754,3863844.43643142,3142633.90384883,3023436.632912861,1454455.1723609606,1624591.7131087962,1571916.6372697572,1514002.961622703,10415331.945086297,17100108.258071806,13058096.27007396,12755003.654631224,-7855752.467327401,-6677367.002792934,-7683732.25058622,-7443317.554740338,-89924504.72070178,-86844666.60213915,-88760068.63404965,-88846561.37920485,11.234666666666667,36.91133333333333,20.4815,20.2215,4.420216634672888,4.343866497973689,4.335849634414853,4.393494086828168,55.01126074823741,57.91394566457596,56.70513283365454,56.027200468955904,25906699.36711739,99555718.48384178,51661207.83245468,51683856.057970926
16,567.0368322117661,2335.715324114772,1197.880070162746,1186.0743043778182,558.1723472855631,2321.6823862699907,1186.4965392985325,1175.4008609301127,8.86448492620301,14.032937844781715,11.383530864213647,10.673443447705557,2778303.8224162115,12081235.86317221,6018504.998655214,6034330.036680811,9872.615335827923,40532.00959629761,20380.14515151241,20603.403326992313,2788176.4377520396,12121767.872768508,6038885.143806727,6054933.440007804,1066875.757590195,3567767.2699647443,1946415.916217074,1942187.7869212874,268246.62489402835,1064985.407294464,557906.1831051827,547105.1987341809,4430084.829509206,6034121.266499613,5093547.692323126,4991497.582455848,526402.1418240507,554849.8086372147,533735.58770917,536358.8252086581,227475.20776019216,265313.19557932165,236053.39503176283,240718.50349688748,132023.49443164567,696820.2926541726,319199.6290936198,329702.3738095301,2647840.578418433,4085585.4833404375,3279704.613731203,3151051.2951411344,2048169.1266155571,2129088.859606403,2093760.8170175324,2076491.033162353,11494909.925629819,19034180.29152393,14379169.825668937,14133654.553692758,-8706733.487877782,-6912412.41875542,-8340284.681862208,-8078721.113684956,-98631238.20857957,-93757079.02089457,-97100353.31591186,-96925282.49288982,11.553333333333333,40.632333333333335,21.7785,21.730983333333334,4.227814847498169,4.149851246809226,4.144952541998787,4.20052758725704,55.5177159331231,58.30021066552833,57.14177487416933,56.49158908946493,28606779.801183634,115883365.27373348,58368586.923773475,59153584.716576084
17,613.4007884767846,2697.3927355431274,1336.347752608051,1342.7979699500045,598.3728767189194,2673.958220563076,1317.5629561314931,1324.8277470643743,15.02791175786511,23.434514980052068,18.78479647655797,17.970222885630545,3029723.0916037536,14008458.315825613,6746646.185216627,6872280.420081404,20975.517848831598,90690.24841810654,43684.61417159155,45375.67354807783,3050698.609452585,14099148.564243715,6790330.799388219,6917656.09362948,1110323.374196722,3964817.272293185,2090126.4308311997,2109396.238530484,280973.3917546705,1190009.029656862,602816.3698425266,599135.8650204374,4651077.317386571,6444247.349766675,5387869.824614839,5278686.828719608,559667.0963519203,597526.0647040558,569639.6154462479,572917.7352751677,386546.6614776395,422530.2842514483,367264.5984141749,399140.92944847257,150287.01787701898,814945.439507343,367029.2406978449,382917.46544763236,2729508.461606191,4317411.592550077,3423207.966552661,3285274.557436551,2596786.7619689237,2836453.702699445,2333492.5774995545,2680670.1912246062,12626905.673219487,21327405.483329937,15500075.594836984,15672080.606758144,-9576207.0637669,-7228256.919086223,-8709744.795448765,-8754424.513128664,-108207445.27234648,-100985335.93998079,-105810098.11136062,-105679707.00601849,11.925666666666666,44.711,23.1725,23.400533333333332,4.052344733730432,3.969720523988502,3.968276594821538,4.023426260320757,56.2021731795598,58.75903623330075,57.65407452948843,57.09707524836913,31732085.54419463,134879541.1982562,65959982.907299876,67833695.02311617
18,664.9154467450027,3113.6801631640064,1489.3398568602754,1521.983097491654,641.8073241683602,3077.3092979638664,1461.354523291736,1494.2330149967872,23.108122576642394,36.37086520013956,27.985333568539335,27.750082494866405,3314363.250468485,16240290.219322411,7557527.206246633,7838437.689567359,38356.60966798968,175280.5921440151,81041.93102087194,86280.00353459857,3352719.8601364745,16415570.811466426,7638569.137267506,7924717.693101957,1159508.6226278997,4414502.609356411,2246281.3223301945,2298756.5179828787,294857.455698066,1329170.413859093,650979.4937376425,656866.9910544255,4894843.175599274,6909692.228500129,5704082.80478869,5600040.344114574,588651.0290727107,637517.1965256635,599016.8425683175,605754.1876812442,575857.7168861851,628448.8353777184,527432.5041041834,594264.6083582217,172846.6550194418,962517.7085050789,421750.7063798238,449231.52373941476,2815688.006586193,4563502.208598315,3572177.5314788246,3427422.9772904357,3130622.015060322,2956885.843711559,2859170.7906873124,3069814.355088255,13810610.788009094,23263140.822332315,16984382.56781796,17118996.300022222,-10457890.92787262,-6847570.010865887,-9345813.430550454,-9194278.606920265,-118665336.20021911,-107832905.95084669,-115155911.5419111,-114873985.61293876,12.349666666666666,49.251666666666665,24.672,25.265366666666665,3.891227044112174,3.8025649173413396,3.8048865417983633,3.860195299742382,57.02201751139537,59.309210544503316,58.247505468642274,57.82253507298315,35404765.756788515,157023667.19575736,74534209.36693381,77971381.26042761
19,721.5430851308761,3590.076581587397,1664.060369191289,1725.5298088906584,688.6206991288028,3536.9549528446673,1622.320809095602,1685.5376879293553,32.92238600207323,53.12162874272955,41.73956009568683,39.992120961302945,3630588.443230493,18805078.22356222,8494018.280948961,8941659.866346596,63057.69624551891,300763.8329966377,136138.31306401582,146254.84410841047,3693646.139476012,19105842.056558855,8630156.594012976,9087914.710455006,1213104.8450996806,4923698.915792177,2423062.3781254585,2511812.7698420547,309904.8514942163,1484027.0525958766,704868.7234912739,720847.6218797974,5171946.529971298,7433453.223888609,6092493.277105466,5963473.872842357,612850.0807183837,670409.2930814885,624782.802508163,632995.8050454704,810171.9271751033,892834.9113821139,805459.6803228867,839103.971647557,200052.4965264768,1139532.38223718,493070.1765108575,528870.4565252229,2906794.283774625,4822233.412355394,3730900.161758937,3577197.9787778943,3286841.983693092,3731723.6318380395,3504263.247897333,3442550.560543824,14707476.71477167,26100076.205838248,18834769.334960524,18694886.536644973,-11013830.575295655,-6994234.149279391,-10204612.740947546,-9606971.826189963,-129679166.77551474,-114827140.10012607,-125360524.28285863,-124480957.4391287,12.806333333333333,54.332,26.352,27.340316666666666,3.742662263687175,3.6481874790417885,3.653093477437649,3.7095960890612893,57.96114987690903,59.9176556536136,58.97876075376848,58.64592689875563,39572980.20898309,182592372.747638,84748265.18024515,89629767.5975123
20,785.1495836282036,4125.082373550446,1853.4454714868932,1954.1260601009885,739.0398115004039,4052.113325702487,1795.726122375792,1898.615541471133,46.10977212779973,72.96904784795987,57.71934911110123,55.51051862985578,3993130.3434370835,21698865.988457564,9517360.923615906,10190137.819194252,96891.12852598015,474637.5562234114,210748.79871703524,229102.3782200811,4090021.4719630643,22173503.544680975,9728109.722332941,10419240.197414333,1275582.6982333462,5476077.113321547,2612156.0188789316,2745755.7435142165,326804.3740020871,1650197.79703379,760877.8742984178,789992.0720631831,5504540.241121337,7999728.204897158,6512053.570724034,6377856.028442875,632987.6146367419,703923.420716747,648541.6969772641,657815.1467647437,1105927.8420088203,1182893.3357156892,1082929.0588678035,1132865.7648062245,232564.40203780273,1315994.173070032,562851.2852474058,611764.821899083,3004402.9900920186,5090417.634008774,3894070.0351765263,3734508.115462883,3817140.063194954,3607885.71546095,3756438.99148007,3743901.0414880523,16116812.488650894,28190429.1608092,20343827.26207969,20342578.323906302,-12026791.01668783,-6016925.616128223,-10615717.539746748,-9923338.126491968,-141705957.79220256,-120844065.7162543,-135976241.82260537,-134404295.56562066,13.351333333333333,59.771,28.1265,29.598216666666666,3.605273586951201,3.504574952579512,3.514250487512327,3.5700290649211097,59.09489044435499,60.57650630345182,59.74700578412484,59.613455995038876,44593567.43298644,211561661.08270153,96149206.8625782,103032400.21038672
21,852.3053717596263,4738.5685196565555,2059.7667122752828,2212.4974735235514,793.6752927931486,4642.656532034476,1985.9249576131972,2140.8187265276133,58.63007896647749,95.91198762207897,73.84175466208612,71.67874699593801,4371908.134585067,25029381.81362506,10632530.62616164,11602023.922249064,139051.43738357382,706205.7084147218,304751.1628498012,337555.4322444756,4510959.57196864,25735587.522039786,10937281.789011445,11939579.354493542,1340861.7818962312,6100655.486426022,2813131.399210313,3006789.5784816584,343605.77055068384,1835167.3848586094,819880.2799286183,865652.3355584578,5822444.639963496,8614144.487673638,6933714.606005739,6799539.586662045,648481.7948091092,734089.7714034017,669053.1103306112,678444.5866171116,1373062.1592174813,1479741.9579064464,1337116.8900288725,1410400.088758619,265177.2708630782,1548941.008265751,639481.9062393754,714494.5789540136,3102480.1325731697,5371853.1474481,4060823.893184008,3896760.687779395,3423023.9766167947,3313046.713425251,3135543.652170975,3384531.9344997546,16558307.161712816,30348026.52028937,20986480.369754463,21384708.93721461,-12047347.589744173,-4612438.998249585,-10049198.58074302,-9445129.582721068,-153753305.38194674,-125456504.71450388,-146025440.40334842,-143849425.14834175,13.901,65.86733333333333,29.995,32.089216666666665,3.4797776499643733,3.3705366780784023,3.3835836157562573,3.4415433098042834,60.16992923792494,61.24987258478564,60.511438408449266,60.54790940932618,49647049.13200663,244680843.76101008,108214236.13276702,117908877.25215784
22,922.3946490644907,5423.4616356937095,2287.986149196042,2497.768094384717,851.9989667720159,5303.7960218255685,2197.0869148587285,2410.1279360407593,70.39568229247463,119.66561386814132,90.89923433731258,87.64015834395798,4764793.250023179,28747867.739700146,11864023.99589613,13158869.321410116,188325.16225237917,1000238.8396368236,421420.8035062258,472494.9493369347,4953118.412275558,29748106.579336975,12285444.799402358,13631364.270747053,1407187.3503206926,6787193.436726291,3037249.166576582,3290189.480562652,360224.45654167654,2033319.5626704101,882263.4856681405,945807.7436867332,6127251.380835495,9207088.042476265,7371014.198700735,7205194.2124097645,662257.0662604809,760638.2235997053,683946.3269558804,696690.4713292094,1604123.0197666562,1745680.638670059,1582984.5881404853,1653668.1863828471,297703.9230384417,1798476.2064765892,732968.30898996,822974.2222417933,3199864.286245613,5661631.719463454,4234601.971282542,4061482.887871857,2859059.8761645583,2749578.5220276616,2968539.2976263184,2820741.4022166445,16780285.926938117,32304482.181776084,22142565.385577068,22213754.616131403,-11827167.514662562,-2556375.6024391144,-9857120.586174708,-8582390.345384356,-165580472.8966093,-128012880.31694299,-155882560.9895231,-152431815.49372607,14.451,72.434,32.0315,34.74505,3.359020810792051,3.245282893017303,3.261017940786147,3.319212539570889,61.16794889623852,61.908848471809186,61.2727532690781,61.42726374768826,54706715.59772157,281341552.2388665,121517226.31166539,134028908.42212228
23,996.1007498330309,6181.828503242763,2528.2504388185357,2811.105463526437,914.2840890539198,6036.364250593362,2419.2651411274114,2707.0121455927247,81.81666077911113,145.46425264940208,108.98529769112432,104.09331793371297,5175361.764886905,32876828.264020108,13168935.876473999,14870875.039583527,244844.1129241425,1361235.5695971022,559312.0958731426,635581.1227596784,5420205.877811047,34238063.83361721,13728247.972347142,15506456.162343204,1473921.227323617,7530392.316244527,3262220.230761382,3593686.1084459354,376884.72695465054,2241943.2077705185,944213.6180300002,1029655.1952402043,6428148.781931282,9818441.829408271,7805008.855619438,7614751.348548228,670395.5075190477,785946.3562622671,698993.3597135681,710838.3045791745,1807587.5687192853,1990140.5207008435,1834053.2915832158,1871481.1019128305,333548.5266664044,2038519.2867220968,808999.6944233289,930288.2926858967,3297378.953266384,5960380.8680071235,4403945.688573748,4229429.623425643,2330128.4106421927,2451248.7744378652,2604668.407772887,2372520.537970678,17005339.963679757,34613727.244440824,23087456.164628275,23168275.51194613,-11585134.085868713,-375663.41082361125,-9359208.192281134,-7661819.349602927,-177165606.98247802,-128388543.7277666,-165241769.18180427,-160093634.843329,14.999666666666666,79.445,34.0495,37.55553333333333,3.243770643564549,3.127410442286144,3.144848357545236,3.203044573117107,62.124594934204566,62.56232891865719,62.019194531957254,62.27780182876299,59937210.40630268,322072651.4382421,135510174.77598405,151684614.76748148
24,1073.6564404174767,7037.505150959949,2789.1397635934354,3161.003489107342,980.6297044416272,6865.156861800296,2662.1689656317308,3040.214209517161,93.0267359758494,172.34828915965286,126.97079796170455,120.78927959018061,5606815.892150368,37542499.88718986,14580280.3907329,16784305.290414188,308935.4069861639,1800449.186155707,719421.6531111958,830965.229695504,5915751.299136532,39342949.073345564,15299702.043844094,17615270.52010969,1541657.872694132,8355454.143254374,3501750.233066969,3926486.5673902165,393446.86415508715,2469406.619584767,1009351.2804230127,1120032.7785554752,6734897.049347676,10415176.501254834,8219279.807280106,8022994.857515181,673527.2680542616,809672.3974178042,707917.1409675214,721178.0633315016,1999965.8396735885,2193062.6439712127,2034149.6415135167,2067549.7211777568,368953.83225541096,2352223.711473066,901051.0562227302,1063098.2899815901,3395371.0193005065,6272265.891451098,4578589.738147943,4402284.224553213,2121184.458908685,1819982.3656465912,1996644.8760200643,2015763.7262669522,17542694.117780477,36752230.45756601,23757069.56883046,24266031.836705413,-11626942.818643944,2590718.615779556,-8457367.524986364,-6650761.31659572,-188792549.80112198,-125797825.11198704,-173699136.7067906,-166744396.15992475,15.544,87.124,36.1845,40.596999999999994,3.1358696537007114,3.0173889883861134,3.036960742282073,3.094401420840602,63.044880718417836,63.18916679440683,62.735470811604216,63.09538084501399,65306632.86499699,367616466.2082303,150508438.7297044,171115074.53512865
25,1153.6391134882654,7997.399021886926,3070.307459383292,3548.9550814277964,1049.9264408785637,7794.731260506762,2925.4068810007434,3410.6081277484327,103.7126726097018,202.66776138016377,144.90057838254825,138.34695367936348,6049868.100585955,42791085.389534995,16100329.79705104,18909294.151718117,379570.1098424281,2331622.642790838,903864.5607091011,1062788.4963743717,6429438.210428384,45122708.032325834,17004194.357760143,19972082.64809249,1613122.2703764571,9269540.525824826,3762475.8307915144,4292868.659783386,409157.02320110705,2715207.1338687134,1076904.9712300138,1216274.5619347692,7030501.848679217,11039588.196825027,8634337.519850878,8433682.07053025,675559.3323618117,833433.3821204335,714992.2897141514,730815.2497773294,2172728.3416210744,2395728.6595155955,2202011.288320903,2250778.4528841567,398405.13313108066,2686172.37415867,1007201.3817463061,1199123.6674907368,3492440.147750321,6596587.814711804,4756829.224598665,4578891.83118684,1655836.8287631047,1629483.3419396721,1464992.7151468336,1646613.1083749034,17788726.931087058,39534201.184209645,24518182.149021927,25399642.919679962,-11359288.720658673,5588506.848116188,-7513987.791261785,-5427560.271587472,-200151838.52178064,-120209318.26387085,-181213124.4980524,-172171956.4315122,16.110333333333333,95.49366666666667,38.4425,43.8945,3.033692168092398,2.9134296713528505,2.935236001126606,2.9916002942335567,63.89096622817125,63.81339448991851,63.402990368596505,63.86381611978279,70688989.88498436,418828614.71084976,166530810.17058593,192537858.57403722
26,1240.1892898766625,9033.945166640635,3380.440951803952,3968.0038467440527,1125.91823043935,8797.506402442401,3215.9078517821013,3810.9740906404177,114.2710594373125,236.43876419823496,164.53310002185094,157.02975610363535,6528220.702216918,48484323.68224376,17779721.46505384,21212856.74522631,459029.12676078576,2953452.284539732,1118607.1288144002,1332077.231983417,6987249.828977704,51437775.96678349,18898328.59386824,22544933.97720973,1685676.9173349245,10233363.115061723,4038000.9556667157,4677367.086539304,425346.93898226705,2964536.340959273,1148580.7853308928,1314063.2296742192,7324597.810755062,11661581.968624178,9066926.879296215,8842542.266009253,677780.2972250875,858903.2391036164,722850.0711940263,741173.3268825726,2316598.764704722,2581785.3408433613,2369052.302734009,2409414.0663532456,439523.5778447083,3001589.210222855,1123781.8365636945,1336246.5491770597,3592249.84661115,6924719.028695041,4942732.532575621,4758614.060340513,1231375.9151840312,1241070.1443272096,1199296.4525320611,1234768.8953841436,18063757.836669344,42168009.115139835,25609726.463417023,26500245.784134015,-11076508.00769164,9269766.851643652,-6711397.869548785,-3955311.806924288,-211228346.52947226,-110939551.41222721,-187924522.3676012,-176127268.23843652,16.693,104.132,40.83,47.29665,2.936103240016604,2.8163996368308886,2.83849123265263,2.894206978901604,64.69858896098538,64.44154622911512,64.06823618478106,64.60862400483079,76426914.86433062,473943388.9278712,184070633.15941596,215557680.7865698
27,1331.9673453546268,10179.854600225339,3708.312705397809,4428.7278845593755,1206.555174682615,9905.74997414196,3523.066014124676,4251.273354493385,125.41217067201211,274.10462608337707,185.24669127313368,177.45453006598984,7037392.43394092,54780628.98864119,19566260.592878282,23747525.22808601,548592.9696612633,3692560.998779507,1361849.3963553377,1648981.7798526485,7585985.403602183,58473189.98742069,20928109.989233624,25396507.00793866,1763109.4363939555,11291846.29940825,4327428.783011209,5098167.3384489585,441792.09283576347,3225376.3053960446,1219848.8719027815,1416046.5672318619,7621277.001382256,12296378.416250633,9495443.5541413,9257562.496586189,680100.2207514007,887225.1295118075,731172.5383556149,752593.938817543,2481392.252819563,2802080.1537974095,2554017.632697014,2593633.018161809,475996.96359159896,3369113.706051826,1238835.0061324185,1488587.8234526783,3692843.432039203,7260889.87203362,5130548.9211798115,4941659.686037249,1165313.1910247242,1167407.7031599397,1230957.5601332507,1166046.2702720496,18724262.051602047,45369819.77789756,27034105.854463387,28050207.255805477,-11138276.647999866,13103370.20952313,-6105995.865229769,-2653700.2478668187,-222366623.17747217,-97836181.2027041,-194030518.23283094,-178780968.48630333,17.304,113.518,43.295,50.978899999999996,2.843633539541818,2.7259411914666885,2.7485351588302476,2.802441217715523,65.50877367399835,65.0651062892484,64.73133108597801,65.35349008933586,82550289.02735038,535075006.6678258,202678041.25930026,240933940.20151675
28,1430.5897554637104,11428.883679489965,4059.472508625098,4929.992628872899,1293.4285396777686,11112.751820314697,3851.81236553114,4730.191687900693,137.16121578594172,316.13185917526727,207.6601430939578,199.80094097220567,7585782.4355801,61674859.44942444,21489845.777225625,26516959.39042562,647806.2844052501,4550582.501685678,1638736.0210639634,2013777.9604534,8233588.719985352,66225441.951110125,23128581.79828959,28530737.35087902,1847687.1942217574,12429755.105673164,4636696.730320501,5551410.963229749,458473.7151633477,3496767.6498412914,1290585.8202177698,1521876.5923006278,7935802.628231573,12964406.19719101,9935296.364218319,9695813.877367375,682631.5206042946,917967.8961406559,739982.0551226978,764999.2520420211,2684665.4946273174,3051587.660199627,2770725.7456783797,2813088.2525776257,521806.4585476338,3784133.874706889,1341910.6522462945,1663621.054203373,3796133.31580786,7602645.302139926,5319260.46318988,5128412.511024083,1108620.6581190801,1148411.4515686408,904357.7708820119,1122547.4358264264,19472632.46969965,48871739.12743219,28160893.5652737,29762319.799906038,-11239043.749714304,17353702.82367793,-5032311.766984108,-1231582.4490270223,-233605666.92718643,-80482478.37902614,-199062829.99981508,-180012550.93533033,17.965333333333334,123.408,45.8835,54.870266666666666,2.757483265808411,2.6418606818384864,2.663561301209521,2.7170153614189374,66.29891655588102,65.69149187921286,65.39261900614898,66.08631791904716,89107070.85357799,601845926.6616895,222552118.5968615,268565670.38641703
29,1532.2921007001132,12791.787249163788,4443.585759412211,5473.115402662399,1383.4896146142526,12427.877699620158,4210.983641003017,5249.025444366319,148.8024860858607,363.9095495436304,232.60211840919445,224.0899582960801,8153229.276645521,69230916.50151157,23600593.17962454,29530419.80534864,755869.3618113511,5540485.919265466,1955569.8414781427,2430485.1569202915,8909098.638456872,74771402.42077704,25556163.021102685,31960904.962268926,1933820.70374532,13653816.391950473,4967975.870773634,6035819.194617123,474247.71320124675,3772431.033137685,1363742.614390587,1628611.8751790002,8251489.969684458,13664746.893479332,10404107.431586156,10146129.893012665,685181.0666128598,951340.598903481,749584.121657784,778336.9029145773,2889671.1464695535,3361911.2927837255,3006103.8771194546,3054955.1976795136,556519.0013467027,4231274.639848117,1513360.8597998738,1842683.4748221976,3900018.263474504,7951959.927519303,5516647.6447786,5318197.845890183,1021460.2674333334,1157807.8629570126,1115151.5272338996,1069181.925866621,20185079.345058117,52669262.79583082,29986846.570284203,31554543.55282856,-11275980.706601243,22102139.624946214,-4430683.549181524,406361.40944036655,-244881647.6337877,-58380338.75407994,-203493513.54899654,-179606189.52589,18.623,133.87466666666666,48.6365,58.96108333333333,2.675943804299822,2.562428367051305,2.583412773415115,2.6362134012628413,67.06827532421569,66.31444097776365,66.04312505292808,66.80443330295748,95768137.38090628,675089757.5072016,244585491.69411305,298530704.4251096
30,1641.0488251143122,14279.017526386753,4844.556555986069,6064.337870559666,1479.761614706637,13860.772330088043,4585.4634624670625,5813.115365090129,161.28721040767513,418.2451962987093,259.0930935190075,251.22250546953705,8763745.778251326,77498187.00201751,25818347.18387333,32820800.20656949,874873.3335208942,6681233.261884087,2301645.621826423,2907099.3084480115,9638619.111772219,84179420.2639016,28119992.80569975,35727899.5150175,2024328.4774030005,14978151.59530756,5311202.127531037,6558166.568669596,489458.25614694884,4059754.3295614836,1434165.4251852182,1739061.8818420358,8589950.092615422,14425827.522950793,10864838.286492608,10632507.1932328,687946.3251924949,987814.1138966872,759742.002947897,792900.0512389622,3130617.4758700505,3762645.1108989315,3237545.5236358354,3351827.148130159,605869.1717472053,4710647.543620231,1620965.4549410802,2042541.601902764,4006036.8842342817,8313421.551683155,5710900.654871688,5513621.517841388,1414666.7100678415,1757449.3757972682,1158214.0267602592,1534640.6430731406,21460370.294197727,57413390.63965161,31582991.617346343,34043927.41510659,-11821751.182425508,26766029.624249995,-3462998.8116465923,1683972.0999109168,-256703398.81621322,-31614309.129829936,-206956512.36064318,-177922217.42597908,19.324666666666666,145.01466666666667,51.4245,63.31616666666667,2.599197664224924,2.487907980646016,2.5090555198236073,2.5602462749723065,67.82026378706306,66.9298461510603,66.69205062641615,67.50861761446208,102921046.96488218,755607985.666369,267420579.4807739,331361475.51040256
31,1756.8322810986415,15866.49239278177,5275.711193005199,6695.213320187737,1581.6222497322428,15386.171881524553,4985.8785721676195,6413.214620859551,175.21003136639874,480.32051125722006,289.8326208375794,281.9986993281862,9420241.915164804,86371085.86979409,28218347.315945502,36353037.299285054,1005027.6873820067,7951215.694602713,2687663.7283307966,3436193.4899092535,10425269.602546811,94322301.56439681,30906011.044276297,39789230.78919431,2123470.107018344,16383422.269533472,5676101.511005364,7114453.363898639,504619.28729326534,4339991.893534008,1504011.7606504636,1846999.6994775254,8955946.560932785,15212320.616999082,11406302.555984518,11145677.480555989,690882.5672608684,1026563.6438295768,770519.0832500733,808370.9440599163,3467590.0096915294,4184709.5627441355,3603396.1349514616,3718581.8532599416,657736.0987320533,5204507.406423038,1790900.394100601,2249106.056423898,4113401.9220944406,8674833.756949078,5912755.999951162,5709903.064293563,1848232.52622855,1978414.2890920257,2050449.168680069,1893796.1432307665,22915160.283755586,61953448.09456273,34347069.60594151,36578561.017538086,-12489890.68120877,32368853.469834074,-3441058.5616652113,3210669.7716562245,-269193289.497422,754544.3400041453,-210397570.92230842,-174711547.65432283,20.067666666666668,156.57666666666665,54.3515,67.84581666666666,2.526661822446013,2.4191399865598333,2.4389185043453883,2.48902917988585,68.57050335009477,67.53760083688239,67.3387125941156,68.20898747047045,110663088.44884272,841786053.9169948,292462071.6772785,366556126.36269593
32,1880.6283535937107,17574.527601624955,5732.9164713829205,7373.493090404646,1689.9856153940264,17024.794451866343,5409.037960295495,7057.168708159336,190.64273819968432,549.7331497586113,323.8785110874242,316.32438224530875,10127358.442221848,95971374.85017358,30785064.806072935,40172764.18500495,1146180.1425745252,9360386.397320949,3111504.9010633277,4021152.331735773,11273538.584796373,105331761.24749453,33896569.707136266,44193916.516740724,2225892.3095769156,17884974.18187013,6070293.115871922,7706570.964879541,519303.3633482206,4618494.866089862,1572621.3293788137,1954020.3893077949,9349282.774450859,16047091.555257762,11975851.44601261,11693515.847733274,694010.5637925819,1068467.104630893,782042.9308339579,825070.3530859908,3828760.1266185995,4660921.242253462,4043250.710137762,4120016.517090801,713746.8609388227,5760522.206929339,1954797.9153836651,2480118.2320355033,4225523.350941617,9042238.928002564,6116070.355955758,5911373.802912949,2602166.234018703,2432253.632321246,2564978.2667556237,2542696.823424593,24757115.375958607,67040049.67406862,36870389.247400455,39556142.38029711,-13483576.791162234,38291711.57342591,-2973819.5402641864,4637774.136443617,-282676866.2885842,39046255.91343005,-213371390.46257257,-170073773.51787922,20.841333333333335,168.724,57.442,72.60026666666666,2.458249255777959,2.354340805563913,2.3735573492439626,2.421881298203043,69.34149054560233,68.12707749278836,67.97924407384512,68.91644597711743,119037801.51588695,935584771.674349,319390809.3311059,404829241.07134867
33,2011.9896014618712,19383.160777339654,6225.005667039357,8091.899513019095,1803.1896849393886,18754.246208565717,5862.853654614402,7736.059468208603,208.79991652248287,628.9145687739364,362.15201242495533,355.8400448104916,10886314.43686136,106216587.35215743,33557845.383042045,44251909.95721498,1298697.700599263,10894967.513540382,3570873.3115314716,4657392.135128655,12185012.137460623,117111554.8656978,37128718.694573514,48909302.09234363,2334258.7076146407,19468850.27648264,6485298.386835026,8331365.75671844,533836.7270911561,4891250.333954244,1641194.2696606389,2058931.4894932366,9814563.10851438,16949464.396447554,12593335.89727701,12311778.55929099,697362.3819159816,1113072.8603053824,794539.4508137708,842861.049352272,4343013.471709036,5251222.37174894,4558551.361482503,4660886.586723003,778421.726683357,6286891.606630694,2160486.8915996207,2706386.1846649246,4338433.8374743,9410019.863140153,6323769.953952027,6113488.946457348,3321768.0127668334,3188025.580634424,3416690.6476286068,3274958.1615204904,26808471.477350473,72700797.52401677,39934799.23655776,42870785.593683675,-14623459.339889849,44410757.34168104,-2806080.541984249,6038516.498659961,-297300325.62847406,83457013.2551111,-216177471.00455683,-164035257.01921928,21.637333333333334,181.24266666666668,60.6865,77.4992,2.3945157767597656,2.2929949821251845,2.311910201352504,2.358983498637662,70.14160729988095,68.69879632605735,68.59586156255341,69.63662345904268,128298748.50627881,1035428490.6341459,348692595.8423045,445794158.25103223
34,2150.5253846174187,21307.84539064023,6739.206184855321,8855.587386725401,1922.6127862339144,20588.055489475602,6333.978193580769,8455.517732368506,227.91259838350393,719.7899011646253,405.22799127455175,400.0696543568964,11692891.665671315,117188365.14148213,36485599.967670165,48616307.3822051,1457047.641166824,12553288.911804058,4056711.129348584,5340732.085889855,13149939.30683814,129741654.05328618,40542311.097018756,53957039.468094945,2453453.437498488,21147472.971625824,6922902.403825695,8996360.274443055,546892.4710077073,5158641.482726188,1705387.3472751123,2161004.6251091757,10287078.80170592,17939240.07180652,13268725.257903244,12965335.24624113,700910.4380899621,1160906.9131354878,807549.0519134075,861909.2043558961,4827809.108525505,5984732.031373095,5196790.375527813,5232732.131522162,840084.6883732334,6950170.731992437,2336919.663002356,2978614.803639954,4454025.63775518,9780332.061055565,6531583.456651409,6318232.8859103145,3587884.916283834,3872813.1610840224,3748896.428711396,3687609.8019638993,28396252.536449876,78796958.47096646,42660024.158700995,46036499.61353068,-15246313.229611736,50944695.582319744,-2117713.0616822476,7920539.854564281,-312546638.85808575,134401708.83743083,-218295184.0662391,-156114717.16465497,22.517666666666667,194.28166666666667,64.0125,82.63506666666666,2.3362584847196843,2.235516182149445,2.253940364382783,2.3009986788201005,70.91562829878073,69.24736280823508,69.20262159440074,70.33173537708976,137942745.02225006,1143164290.8374405,379639811.84575,489770286.0575667
35,2296.8399490622533,23321.651389272203,7290.185196233567,9655.523953135737,2047.604423108192,22499.315515708586,6837.0041436635065,9205.70330551833,249.2355259540611,822.3358735636212,453.1810525700595,449.82064761740713,12553508.92306137,128727378.79417863,39642140.98718874,53214363.37795241,1623921.4209170088,14304770.79663358,4573150.284424427,6062218.7024178095,14177430.34397838,143032149.5908122,44215291.271613166,59276582.08037022,2576646.904814149,22892881.972762153,7387181.278472887,9687329.178595949,559610.7519307706,5410102.715893121,1769799.832791475,2257282.9393175934,10821768.63012337,18982036.94013596,13997709.385767024,13677862.538627775,704596.9847802421,1210671.1928533176,821517.8756299416,881722.9576058185,5428569.380976776,6756500.161535353,5858278.978403626,5893345.154172277,917883.5528982948,7556997.285407458,2587003.1799847153,3241573.359276502,4570023.754448787,10148251.0617425,6742527.398137187,6522403.312001586,4602173.034506264,4563904.343551116,4635878.2474366,4588778.992671963,30933884.527015857,85019257.18157652,46134747.028691694,49863764.95611209,-16756454.18303748,58012892.4092357,-1919455.7570785284,9412817.12425813,-329303093.0411233,192414601.24666655,-220214639.82331756,-146701900.04039687,23.412666666666667,207.53166666666667,67.499,87.85431666666666,2.2808052573454654,2.1815377671730416,2.2004821328996154,2.246061635785117,71.67611290610697,69.77043919350132,69.77217574291092,71.00912710669499,148461383.6809921,1256818320.6617413,413176551.4655148,536386311.6242543
36,2452.850092393536,25460.903079157422,7869.149750571672,10505.668637760897,2181.2124025429953,24520.69398436611,7364.550265636802,10000.030956181085,271.6376898505406,940.2090947913077,504.5994849348698,505.63768157980905,13471202.966924088,141070396.66190577,42969115.267259665,58130920.76016767,1796851.3795042941,16160904.21297846,5106360.239701544,6824269.871220252,15268054.34642838,157231300.8748842,48075475.50696121,64955190.631387904,2711645.1011463464,24747707.0759515,7874338.930524651,10424266.79232815,572257.1438119335,5650966.958131715,1829153.3127583235,2349805.578823857,11350980.299677432,20122256.913158443,14729138.242093656,14420927.114395786,708564.4174835903,1263488.3924448702,836083.1622032328,902787.8087200383,6046337.606039302,7689638.461516169,6511572.808119488,6621492.905456206,995518.7793281826,8302062.6361612445,2805597.8165480774,3552809.129219754,4688333.842281217,10521187.586490873,6957282.089195898,6729832.652754596,4648056.988915855,4925346.243455639,5038611.104515354,4745108.22800478,32532268.877398998,91464733.53660145,49120082.122514784,53158631.50811985,-17264214.530970614,65766567.33828276,-1044606.6155535695,11796559.123268064,-346567307.57209384,258181168.58494923,-221259246.43887115,-134905340.91712877,24.395333333333333,221.31133333333332,71.095,93.31593333333332,2.229215659051936,2.1307838438098647,2.149260740154458,2.194764523717211,72.37280700574107,70.27195368257034,70.30624543425321,71.63750834263132,159537705.02533862,1379463807.6674852,448493611.7736382,586511840.9500899
37,2616.499633430941,27639.021799054593,8478.405265362204,11374.382391399218,2320.4397533428705,26570.36554447867,7917.218203856181,10807.9137802404,296.05988008807043,1068.6562545759239,561.1870615060224,566.4686111588192,14439991.648889283,153718110.40104252,46497810.92916491,63187333.212142915,1973365.7036828296,18060721.73864092,5659758.870944307,7603940.315918161,16413357.352572108,171778832.13968343,52157569.800109215,70791273.52806106,2852235.7244762005,26638956.28160087,8386439.600215226,11177587.919469833,583709.5165498678,5864728.021619812,1884074.3861531492,2432065.9933243482,11920499.87383165,21225925.81717694,15489877.030020073,15177398.954002501,712656.6989803328,1316983.9224293178,851699.9551656125,924171.2271874775,6733227.379104928,8560780.92222419,7161433.9440173395,7372871.119196669,1078280.368878334,8868989.669643084,3079822.455649039,3805028.6241459963,4808900.73368877,10879596.721249297,7170796.550384101,6933644.329334954,5641279.433251979,4739967.352270228,4830554.713807,5325820.204908366,35202188.01734627,97099872.64332348,51608330.32359682,56866377.636438295,-18788830.66477416,74678959.49635996,549239.4765124005,13924895.891622778,-365356138.236868,332860128.0813092,-220710006.96235877,-120980445.02550599,25.388,234.99466666666666,74.8155,98.75033333333333,2.1806778004365435,2.083396084261401,2.1014730109900635,2.146629199775244,73.03476511262569,70.7419620053888,70.8067113500458,72.23228402509278,171372588.750315,1505835074.9791315,486011542.22469103,638434458.9304007
38,2788.694755045588,29935.352484879895,9128.219218797762,12290.024960487595,2467.6592238678745,28721.414040416148,8506.618399670295,11656.47340965977,321.03553117771344,1213.9384444637487,621.600819127467,633.5515508278257,15460267.612028854,167172104.32060927,50279511.98579688,68559410.460032,2152234.6511022607,20032221.124974746,6234653.497560825,8410229.91695763,17612502.26313111,187204325.44558403,56514165.483357705,76969640.37698963,3000868.6012254097,28623612.872504633,8932524.633489965,11968829.096173137,594063.7590753572,6067426.870895348,1939924.7756477003,2509740.848212354,12463115.657584753,22389033.047224075,16267942.287135148,15937186.743958514,716956.1933469772,1373661.264681459,868077.3591631929,946802.9683140458,7350535.369425283,9479080.74597642,7816438.436005401,8095526.251218181,1178238.4592061832,9744681.479058856,3337735.48428016,4176493.5161546185,4930101.5978413895,11242566.694545345,7391814.503022398,7139464.381687773,5058028.978932592,5530507.872197104,5312831.462321376,5223396.591575171,36226930.38766117,104260919.54564403,54850421.547027685,60038826.59295517,-18614428.12453005,82943405.89994,1663743.9363300179,16930813.784034465,-383970566.3613981,415803533.9812492,-219046263.02602875,-104049631.24147156,26.429666666666666,249.07066666666665,78.733,104.35401666666665,2.1341129623103354,2.0387844086491684,2.0563425734144447,2.100747968528927,73.61478481578838,71.1897941612025,71.2603879790277,72.76603808668332,183675465.34230646,1639827761.6591094,526003499.7214833,693328769.0531875
39,2970.2772372199365,32292.063608021916,9806.055130134175,13232.90246700063,2622.0924108559525,30918.575912027507,9117.665426511638,12525.861636265996,348.1848263639843,1373.4876959944077,688.3897036225379,707.0408307346324,16543565.671388764,181082135.99237564,54262464.55919666,74132065.28373417,2337065.9187304885,22033013.355187975,6829222.235730369,9230647.521490607,18880631.590119246,203115149.34756365,61091686.794927016,83362712.80522479,3155177.5764566273,30667437.31250362,9508042.805915574,12784468.484073073,604279.1860127433,6246850.360916396,1989321.9251218569,2579179.0972290216,13056826.277015276,23533724.176215176,17100797.32857031,16723740.541735241,721532.6737371,1432299.2823962355,885356.0825286548,970300.9867677974,7988547.345680885,10402212.243893461,8553275.530412113,8833330.060055286,1266627.7859848696,10519307.448558958,3626089.2901229076,4505065.667885801,5055156.282244891,11597774.874404067,7611265.781156527,7345072.7895006025,5510511.881275336,5019179.953397854,5254717.760492955,5338545.706518218,38360835.202445164,110059850.43806443,57753761.45443411,63455490.5349119,-19480203.612325914,93055298.90949918,3337925.3404929037,19907222.270312868,-403450769.97372407,508858832.8907484,-215708337.68553582,-84142408.97115871,27.499,263.174,82.7735,109.98524999999998,2.090269833177283,1.996637112192693,2.013993650990332,2.0574983808326763,74.15506404090608,71.6159816628025,71.70714135693088,73.26638520856983,196732746.92118692,1779064964.172841,568374375.0110779,750549022.9592658
40,3156.2517068252378,34727.55611123663,10505.918765758865,14206.208248369225,2781.5454295927148,33178.445319532286,9746.268655483575,13420.460391071563,374.7062772325228,1549.110791704335,759.6501102752923,785.747857297657,17650604.53786716,195556874.87388578,58401085.71199101,79917799.15547368,2518157.1405483237,24072627.254456412,7438715.027111587,10062221.680416154,20168761.678415485,219629502.1283422,65839800.7391026,89980020.83588983,3314905.3160150414,32771045.143115327,10094303.97552455,13624554.25550014,612226.9456707999,6404976.576731613,2032951.1971977216,2639689.3165420843,13601674.330464238,24656822.9300535,17883937.189363133,17470976.34032048,726254.5717570528,1492410.49296974,903114.224975502,994409.1441814932,8480687.099033156,11259766.367256567,9230624.865533587,9453364.84291135,1357205.7450732419,11333580.280942783,3901447.911800148,4848936.832627581,5177453.777787095,11951098.82297401,7829128.097985293,7548229.543602515,4814355.826652498,4364092.609408362,4423725.982616977,4656763.700617051,39155323.91372329,115737835.5163728,59774350.02482711,65959202.97465062,-18986562.235307798,103891666.6119694,6065450.714275485,24020817.861239217,-422437332.2090318,612750499.5027177,-209642886.97126034,-60121591.10991952,28.590333333333334,277.34066666666666,86.829,115.65295,2.0487491297196496,1.9566765823301282,1.9739105863834014,2.0165237381333174,74.60233843312112,72.02504178844252,72.12779641263965,73.70028460748361,209839240.84990755,1924508955.6496923,612615081.9323916,809973641.0298322
41,3352.3114004086847,37242.15247345677,11232.04788901557,15213.755775975515,2949.789562312317,35499.801489324025,10393.64246865204,14342.293736766414,402.5218380963675,1742.3509841327439,838.4054203635299,871.4620392090992,18820376.544017114,210609853.9492618,62726411.501111604,85946693.63585275,2702683.02462496,26174302.24863568,8065751.150224899,10917749.75302871,21523059.568642076,236784156.19789746,70792162.65133652,96864443.38888146,3485060.495242754,34952740.59829561,10715541.514285179,14498748.531311251,619820.1498504439,6548193.944611407,2071441.951349835,2694750.978016781,14164691.574152756,25794555.96980546,18709061.75828283,18235144.1126312,731181.0174431569,1554599.419876199,921420.075241995,1019377.4582947217,8980617.09228483,12125951.678059565,9942424.689268429,10081484.197305989,1455907.4873070405,12185634.390488863,4207103.194892224,5211311.903420678,5302639.574614227,12297633.888065353,8045991.321577028,7750887.584322121,4050123.0395263685,3897933.1711850283,3907337.9016701276,3996856.585606899,39932581.2495094,121755288.44661413,62256284.244255066,68570528.76849605,-18409521.680867326,115028867.75128335,8535878.407081448,28293914.62038541,-440846853.8898991,727779367.254001,-201107008.56417888,-31827676.48953405,29.725,291.6836666666667,90.992,121.41053333333333,2.0089734351800463,1.9192183762571902,1.9360679683975346,1.977559164557047,74.99782543424193,72.42306718628487,72.5414034290753,74.09666004745696,223627999.9160826,2076793006.1092656,658829147.6662085,872235752.0836966
42,3556.108078726432,39798.69765122654,12001.693592549676,16241.01442910147,3123.9788543843706,37847.524363441866,11079.24958707018,15277.219782554494,432.12922434206166,1951.1732877846741,922.444005479496,963.7946465469761,20046537.219302632,226033850.19022045,67330081.21566689,92142096.75912386,2890643.393848107,28296454.409911945,8721147.679197691,11782677.24947045,22937180.613150742,254330304.6001324,76051228.89486457,103924774.00859432,3660091.0175375068,37196271.58785196,11368917.786738675,15397754.217147563,625796.6449641876,6666096.072560881,2108425.541685354,2739901.4446230307,14748881.185889447,26894682.086174168,19537071.750028826,18999911.500989098,736281.215301375,1618618.9746361703,940763.7535538593,1045099.4310685534,9505198.068545025,12914940.668309087,10604571.50826903,10698607.978462446,1557994.2170572872,13018500.435630178,4580019.570248005,5569171.393557798,5428617.274352155,12634282.997850524,8265192.444287174,7950600.277576584,3731482.8908481826,3120469.4802174643,3706456.9341385155,3517628.1971274316,41211959.08524674,127377541.71391815,65124066.89592462,71369913.00528173,-18274778.472096,126952762.88621427,10927161.99893996,32554861.003312588,-459121632.3619951,854732130.1402155,-190179846.56523895,727184.5137786269,30.888,306.06966666666665,95.3275,127.20158333333333,1.9712570726509873,1.8840945113111005,1.8998530432453486,1.940750176182027,75.40197886765118,72.81037491676635,72.93410387197775,74.4949174848415,238059605.8455407,2233564600.922469,708073849.8604501,936486354.1224656
43,3769.4891510867888,42414.13968682265,12795.355138647692,17295.11683859434,3307.4857809305777,40230.145434145095,11783.578252537354,16230.416659555658,462.00337015621153,2183.9942526775562,1011.7768861103381,1064.700179038682,21323832.261716247,241960929.09746122,72101861.13686359,98546816.15422697,3081793.1278888565,30465559.7960006,9391534.071143027,12666111.461727966,24405625.389605097,272426488.8934618,81493395.2080066,111212927.61595495,3846772.8853836516,39483381.4168676,12045974.179317497,16319585.871403033,630964.5693481463,6758832.983495804,2137504.249988368,2775718.514299826,15282470.983974438,27991410.970102224,20329385.283049434,19730599.979119163,741683.465645429,1683189.7454313308,960616.0810051495,1071210.6635704944,9908122.728212073,13720936.682480449,11216922.211281544,11242607.612206005,1664147.944726761,13963888.939331034,4895993.3324941695,5969057.292838256,5555735.695089966,12965615.743688995,8482058.443924196,8149193.712099627,3012197.8431725455,3092665.8080315804,3044162.6546394294,3040361.630873208,41937968.8790781,133918260.20673053,67412707.60574064,74131070.84375644,-17532343.489472996,138508228.68673128,14080687.602265982,37081856.7721985,-476653975.8514681,993240358.8269466,-176099158.96297297,37809041.285977006,32.096666666666664,320.34233333333333,99.717,132.98264999999998,1.9362008240953976,1.8504677365021682,1.865568996145051,1.9061942434377674,75.72152051245075,73.2046209615859,73.31251280813154,74.84060566964806,253028491.93351075,2396538667.385411,759437925.5531245,1003257053.3416758
44,3996.665250307873,45089.79715520636,13623.385788860845,18379.261417022342,3503.1693353931014,42652.25944213882,12514.73684142766,17205.3508727541,493.49591491477105,2437.5377130675465,1108.648947433184,1173.9105442682426,22683984.806359664,258419846.98278508,77110618.72565264,105191536.56810856,3281117.7121633505,32688692.129452918,10092137.266808212,13573768.758214697,25965102.51852301,291108539.11223805,87202755.99246083,118765305.32632327,4045987.0937757096,41864990.36968333,12764293.163816681,17282638.240343377,635971.0972654319,6836161.919315022,2165540.8442550167,2806037.8849827885,15837874.280324735,29035892.180627655,21116971.415160026,20457180.545430757,747390.2175446948,1749751.3561239294,981346.071235337,1098216.6160474268,10323212.65775964,14434569.828588799,11737937.473078819,11762187.667549845,1785073.8453446878,14988927.300920382,5274878.511671796,6406422.55479618,5685391.910083411,13291175.15740861,8702849.61760486,8347416.04664723,2562443.193156796,1933704.049479881,2488671.094735323,2342384.492869876,43001980.75056613,139367567.9699499,69833162.86396563,76729936.27735046,-17036878.232043117,151740971.14228806,17369593.1284952,42035369.048972785,-493690854.08351123,1144981329.9692347,-158729565.83447778,79844410.33494979,33.38433333333333,334.794,104.3015,138.87771666666666,1.9020225997746985,1.8190233368966717,1.8338062167148295,1.872972857767389,76.01544355442785,73.60209018887433,73.69011040926009,75.17076987648412,268858886.22303164,2565512517.9693294,813540083.8287816,1072687657.3342359
45,4224.56822134634,47772.309530716884,14473.293307884984,19466.27767962603,3698.3403401694595,45056.68395198782,13261.572126799772,18173.760604305884,526.2278811768801,2715.6255787290684,1211.7211810852116,1292.517075320146,24061550.756490316,275114635.0696928,82306287.51632282,111930130.26611118,3480743.1815057197,34942073.888341315,10808017.350152051,14492208.928898176,27542293.937996037,310056708.9580341,93114304.86647488,126422339.19500935,4245316.689952615,44251659.042453155,13502885.646418054,18247536.513327803,638776.9240724004,6885705.47147444,2188436.201949256,2825201.915663114,16388797.406817619,30092131.56093411,21888591.587710176,21184964.360758394,753135.026293939,1816436.7339807497,1002559.6117107186,1125290.6239843227,10680663.15974096,15159524.813522303,12287738.616276093,12248264.738564432,1899559.768710228,15943985.927672312,5684804.833018429,6815108.924346957,5811259.697140262,13608381.535530994,8919661.887657112,8540252.340577018,2074922.6620449072,2016358.8380323546,1828249.687960824,2054425.3236405137,43954927.95521375,145994702.95993283,72215118.42649403,79668849.20686543,-16412634.017217701,164062005.9981013,20899186.43998084,46753489.98814394,-510103488.100729,1309043335.967336,-137830379.39449695,126597900.32309371,34.629666666666665,348.821,108.905,144.59663333333333,1.86997838512159,1.7889931517431221,1.8033542119525974,1.8416335534391264,76.28561575464319,74.01239332020094,74.06040866315415,75.48998790258841,284893109.6987535,2738535241.0223064,869670216.818726,1143667855.6619968
46,4465.386724754447,50506.726926828516,15354.296986981419,20579.85579548037,3905.0970855835403,47488.09496196111,14031.263517697253,19159.14634231569,560.2896391709065,3018.631964867403,1323.033469284167,1420.7094531646803,25515439.989439126,292282960.06315,87733738.37749265,118884072.01523793,3689686.641459796,37258850.59848471,11546398.681575391,15438894.026418515,29205126.630898926,329541810.6616346,99280137.05906802,134322966.0416564,4457845.761552471,46730587.97138295,14275930.9875022,19253305.53499314,641138.5010961626,6924969.260410446,2207032.2822044506,2840479.266856162,16914543.269909855,31092536.690592103,22656839.187063888,21876840.96714864,759238.8076351667,1884214.1280552817,1024899.9775186548,1152980.1697822069,11003599.45108585,15775892.912171585,12787934.443855945,12673902.162465857,2028971.8158342591,17034978.27397692,6083189.832375212,7281074.076184189,5939726.387021202,13919426.012696488,9135878.819205495,8732621.256007552,1649482.5461611105,1408509.1905367672,1701014.637709661,1565141.8716925904,44945308.756812155,152009786.85361215,75109846.28933862,82417876.09069216,-15740182.125913225,177532023.80802253,24170290.76972941,51905089.95096429,-525843670.2266422,1486575359.7753587,-113660088.62476751,178502990.2740581,35.95433333333333,363.015,113.619,150.42556666666667,1.839443191139278,1.7608755658017199,1.7748093261530622,1.8119445222711326,76.54721085898984,74.43275788634763,74.43669206350752,75.80715231856507,301859514.5430662,2917770423.5930853,928479801.8382338,1217428332.7105727
47,4713.444729134494,53231.664823568804,16284.066927946802,21694.8217621865,4117.095691977695,49888.099731928945,14841.555703327942,20136.94710596063,596.3490371567982,3343.565091639867,1442.511224618859,1557.8746562258723,27027129.00460726,309592876.0912828,93485998.67771871,125925140.48494369,3903998.465128592,39613713.80274156,12331652.259783454,16402398.833293129,30931127.46973585,349206589.8940244,105817650.93750216,142327539.31823683,4672650.933132516,49220821.24555482,15094156.681448609,20264510.54248032,643049.8792991887,6938258.651414177,2224491.9052627995,2846372.9495394346,17437276.999413982,32024797.75334304,23412844.698504105,22542909.26328915,765480.0204491172,1951970.2320890347,1048434.8574265103,1180751.5945230883,11299231.125553109,16345236.255375423,13235005.170718012,13065332.920990918,2165891.0252623926,18147611.649746384,6571952.6041043205,7759493.243831789,6068327.456157873,14216384.80220734,9354658.162438465,8920147.527275186,1026911.802058595,859627.1311468055,901265.2667820823,968362.1672394685,45721328.980805635,157969176.24876747,77424323.35643825,85008075.52459228,-14790201.51106979,191237413.6452569,28393327.581063926,57319463.79364455,-540633871.7377119,1677812773.4206152,-85266761.0437036,235822454.0677026,37.272,376.8186666666667,118.5645,156.11333333333332,1.8102913481304235,1.7340926096779592,1.7474309140677946,1.7836217896720608,76.80871152176235,74.86426733208815,74.81192725054211,76.12815605537638,319408410.369077,3100379188.895382,990916807.683311,1292748182.8532836
48,4971.051461331956,55981.44555644579,17235.157036750996,22824.689394621793,4337.360043019022,52287.29318217408,15664.452569622877,21119.83664172329,633.6914183129333,3694.1523742717113,1570.7044671281183,1704.8527528985055,28602638.32719093,327248426.4914853,99424294.9908582,133128664.18469395,4127074.325029022,42024732.927360095,13146696.157777954,17391254.835844897,32729712.65221995,369273159.4188453,112570991.14863615,150519919.0205388,4904235.943929156,51745911.30505223,15929590.028998265,21298822.32032223,643845.2479896126,6932812.415029213,2236672.6523154415,2844983.7564534727,17952086.312630646,32970927.88354101,24126335.56847065,23208680.862449273,771919.5160688419,2019925.8628443186,1072398.5316512429,1208721.7374402587,11581865.316816386,16902387.590999898,13600902.493287021,13444048.112780616,2295800.6738326396,19272768.729940854,6982220.125823221,8237739.493470514,6197682.052937957,14507404.314168347,9573212.552966448,9106084.844368594,646250.7794151767,556671.3284103315,544089.7630519285,614897.9715634809,46731775.95585072,164220750.89556476,80003088.84667687,87852917.18475063,-14002063.303630767,205052408.52328053,32567902.301959295,62667001.83578819,-554635935.0413427,1882865181.9438958,-52698858.74174431,298489455.9034907,38.66766666666667,390.3516666666667,123.522,161.75706666666667,1.782752099513528,1.7082345501921328,1.7216599637091892,1.7566709572510395,77.05323924442486,75.30809031612765,75.1897700686964,76.44243711952083,337632408.73106396,3287594573.0250897,1055539213.6139787,1370119166.233973
49,5235.141749851847,58707.23229993975,18210.5721307808,23950.37344238261,4563.002914148931,54639.500733792585,16505.344313803413,22089.77715102421,672.1388357029139,4067.7315661471616,1705.2278169773883,1860.5962913584005,30222195.462382313,345001076.23268163,105551431.32152587,140394803.73198706,4355447.861514752,44466154.698627025,13983079.643658543,18394195.254504047,34577643.323897064,389467230.9313087,119534510.96518444,158788998.98649114,5144755.98094768,54294049.21689151,16821549.627767976,22347008.61352802,643951.9821630755,6906765.729344078,2246781.6261484534,2835936.793676426,18474321.191133812,33848804.31717832,24818519.32425854,23855390.28524939,778581.3133553509,2087303.2013064595,1097100.0213639177,1236633.974138239,11814795.636052892,17405939.262406703,13949210.527450562,13771695.905276725,2414319.8401948432,20243756.31173701,7447200.308772089,8654622.6052346,6325708.089857143,14787591.447895188,9785678.806220425,9287367.265170459,548725.8536686884,375395.6271857053,451733.3481025848,488060.27439964435,47981407.17327045,170313914.34936833,82922673.88753307,90797784.68490471,-13403763.849373383,219153316.5819403,36611837.07765137,67991214.30158639,-568039698.8907162,2102018498.5258367,-16087021.664092937,366480670.20507723,40.093,403.55033333333336,128.6435,167.30306666666667,1.7568559877680492,1.6839333831399272,1.6973686939909516,1.7313330761482064,77.28332239921978,75.76702618582304,75.57521629957752,76.75261872453092,356383634.4785507,3477769081.147725,1122504484.5426986,1448868540.8127615
50,5511.562782365413,61502.10983135613,19198.450413633072,25108.254249512163,4799.144502065061,57033.13877232775,17348.96980741376,23081.042496657003,712.4182803003528,4468.971059028381,1849.4806062193074,2027.2117528551628,31922167.65674356,363342620.2348446,111853605.63994537,147919326.05907893,4591575.835277562,47001052.86733143,14843964.312018096,19434892.796496414,36513743.49202112,410343673.102176,126697569.95196347,167354218.85557532,5399308.559632159,56945044.50754018,17727081.815330587,23440316.141399965,643705.467946615,6875432.238412046,2250286.646669853,2824809.8376095155,18970878.60187947,34710889.56253476,25492222.378072746,24479882.43810882,785562.1445279255,2156710.940029504,1121830.7415425126,1265464.2229534779,11996111.061450826,17867323.776140817,14246941.180857696,14051035.511592321,2576796.092785973,21531082.483023897,7942988.570444155,9210796.329369245,6455783.444244934,15063517.430294678,9994995.888150558,9468490.339362346,152288.4976514184,149059.42030914142,165154.82752864456,151158.32058162146,48919516.42284234,176754966.27752292,85624127.10677432,93661923.87198055,-12405772.930821218,233588706.8246531,41073442.84518915,73692294.98359478,-580445471.8215374,2335607205.3504896,24986421.181096204,440172965.18867207,41.57833333333333,416.948,133.716,172.95771666666664,1.7319032832666914,1.661073218464164,1.6745690926795762,1.7071127605858067,77.5026007255287,76.2411742344652,75.97493859600134,77.06110145365648,375911551.0327342,3675238285.853892,1191443978.007763,1530675908.2201393
51,5796.271593233566,64308.34002573357,20215.958181241156,26275.495544608562,5041.627477538418,59408.401688159305,18213.24470706798,24069.998451255728,754.6441156951477,4899.9383375742755,2002.7134741731732,2205.497093352842,33687562.12721875,381981871.8452794,118379822.45780075,155590570.52854,4839205.508592346,49586954.67335502,15746848.00970424,20500917.716259282,38526767.6358111,431568826.51863444,134126670.467505,176091488.24479926,5657395.6725877365,59670655.01630008,18657452.661048073,24562036.442887057,642802.2180339883,6833775.588572214,2252888.6063727112,2809642.897722367,19470359.887295578,35562101.96740719,26183989.3544686,25102469.61533464,792731.9717105628,2226535.985877852,1147582.6158943123,1294563.376669114,12171266.114622947,18306706.542420566,14546509.922979286,14318670.264352113,2719722.9214847595,22895553.85986558,8465413.582602814,9781263.749918045,6586475.770764428,15332314.159771685,10203512.763478614,9647519.206916967,182368.73259256195,91795.11932794674,119323.25760316485,150667.96794994661,50269179.631843306,183483393.86857852,88651880.92811698,96894154.61470063,-11742411.996032212,248085432.65005592,45474789.53938802,79197333.63009863,-592187883.8175695,2583692638.000545,70461210.72048423,519370298.8187705,43.066,430.33,138.8465,178.6084,1.7084737922484838,1.639712677632737,1.6525214847026528,1.6844074021329725,77.72279948260815,76.73102646644193,76.38453720064211,77.37567892694997,396186822.4776558,3877517738.049682,1263634141.7273698,1614652642.927865
52,6091.566015289195,67055.98930098028,21282.065780754812,27429.114165281073,5292.455011210299,61695.06992524362,19115.3898418366,25033.370231121957,799.1110040788963,5360.919375736648,2166.6759389182116,2395.7439341591094,35525244.4952188,400509361.6026602,125271676.83762012,163269685.48282328,5098297.209975558,52224241.98513708,16699775.52355032,21592377.88128209,40623541.705194354,452733603.5877972,141971452.36117044,184862063.36410534,5934681.729930429,62393132.33763179,19626852.748637535,25695139.442625903,641632.240986175,6774770.595359805,2254896.401399455,2788230.6650169455,19976977.027143274,36412081.65641971,26884140.868364703,25729263.647390027,800186.8792151172,2294992.084613107,1174146.8718875712,1323368.7011044137,12349009.05045698,18747352.19815223,14846262.558456447,14588429.152150318,2891469.560641174,24135231.717862066,9074386.451690301,10326786.315668486,6717733.111300257,15583552.208345957,10414645.095341528,9820769.795266252,102145.57217831755,116312.9776581715,126747.74505705238,107104.16409626642,51571506.00850071,190126959.80119058,91891182.74533805,100065914.83594216,-10947964.30330636,262606643.7866067,50080269.61583237,84796148.52816321,-603135848.120876,2846299281.787152,120541480.3363166,604166447.3469336,44.63333333333333,443.1603333333333,144.1105,184.1177833333333,1.6862017082205734,1.6193246919223074,1.630609555667916,1.6627947525161804,77.95249409439184,77.24128870041412,76.80709106489952,77.70357220649964,417399510.0521165,4082683212.2822423,1339428723.5055661,1700248805.8326604
53,6393.5579166726,69795.60058582136,22337.42101945077,28584.272850874666,5548.160860309343,63945.13521322618,19997.557076169454,25987.101883830233,845.3970563632571,5850.465372595166,2339.8639432813143,2597.170967044425,37419192.04003552,419222149.9096945,132174929.79727641,171050227.29441616,5363671.041511239,54899000.90287091,17670145.886406418,22701036.492987122,42782863.08154675,474121150.81256545,149845075.68368286,193751263.7874033,6220095.621631473,65161627.18507227,20635646.569270875,26849631.66883575,640108.6480483965,6702546.830937795,2251154.3927955627,2761962.012059686,20490991.41719846,37252440.303530835,27579496.071941644,26357498.52741479,807716.1530408547,2362773.276523119,1200877.1673382283,1351986.1462596473,12523966.911751065,19189817.942937296,15146410.411750415,14857014.772666246,3035266.540880228,25434117.603384256,9524084.4800132,10874864.412756639,6848144.075793644,15829547.65250148,10617204.197854064,9991635.327641387,77176.17528838647,82980.11996349847,162129.66445634532,79207.55592467566,52916136.3574092,196802446.90668058,95021410.49665023,103276345.04965419,-10133273.275862435,277318703.90588486,54823665.187032595,90474918.73774911,-613269121.3967384,3123617985.6930366,175365145.5233492,694641366.0846827,46.20133333333333,455.842,149.4065,189.57556666666665,1.664630698196701,1.6004670194298196,1.6112141180273407,1.6421734106282924,78.18210503118871,77.76379867132876,77.24398746927972,78.03569780523773,439196921.5783224,4290649227.533829,1416380259.4115703,1787205228.6627498
54,6707.844109332157,72493.38376463215,23438.03893658226,29732.78298868715,5813.630261766449,66123.91568886343,20912.541428517023,26922.23016125039,894.2138475657076,6369.468075768714,2525.4975080652366,2810.55282743676,39397962.470500305,437949352.6751932,139428528.6740109,178890949.0421428,5640079.416345355,57625016.02505566,18689017.510452714,23834807.22939396,45038041.88684566,495574368.70024884,158117546.18446362,202725756.27153677,6520206.989840547,67929740.78705779,21686872.013260778,28013543.81886658,638219.9809854974,6614642.975110423,2246624.0725781955,2729968.028929221,21017838.41132949,38096143.68149308,28282854.757780608,26995245.255886745,815602.3822417895,2429687.6104390207,1228098.102719369,1380532.2121108202,12699628.373939909,19630161.14135767,15449772.463084003,15125314.842536125,3233924.013031476,26768948.59069632,10193248.13868804,11471182.615214169,6977500.170142546,16063518.608526098,10819657.777614925,10157606.62357679,106006.21382733538,92320.79937628495,115814.60972116244,101216.31876946773,54401464.09109294,203532253.4933109,98363971.58617835,106597240.38186923,-9363422.204247274,292042115.20693797,59753574.59828528,96128515.88966756,-622632543.6009856,3415660100.899975,235118720.12163445,790769881.9743503,47.83166666666666,467.92,154.8375,194.86258333333333,1.6439801982195135,1.582013000266267,1.5925621611521779,1.6222916789358772,78.41624545728213,78.30855487005543,77.69279318611018,78.37855375175279,462012235.2361889,4502432874.888982,1497324053.6495996,1876159459.1146662
55,7030.00778521824,75214.54516096531,24534.61143323804,30894.595866729713,6084.592764568396,68291.05002558709,21812.52130977883,27856.852805924937,945.4150206498447,6923.495135378213,2722.0901234592097,3037.7430608047734,41438003.82135668,457064090.63982177,146761234.97355565,186907134.20781943,5926305.408421374,60434169.600514896,19726660.155470174,25004057.87565411,47364309.229778044,517498260.2403368,166487895.12902582,211911192.0834736,6832904.616173699,70832603.14519413,22749418.403659835,29232799.10133085,635877.3066920098,6521622.407340794,2236679.8415720174,2695888.091919084,21547789.485950984,38942287.647205144,28995403.593464922,27635863.84238994,823642.5531178614,2497085.139962459,1255654.2167412757,1409347.4585134704,12878043.58025147,20068666.85994364,15755201.57296595,15394761.72814373,3398735.94975321,28488374.118936818,10712668.092221737,12180109.308967473,7107840.769804057,16293951.098585783,11015368.68103284,10322979.38487766,132171.97499023643,146421.59183147748,129287.30054098919,137159.3408846708,55873276.44434565,210843569.81242317,101632433.055857,110112879.12317279,-8508967.214567607,306654690.42791355,64855462.073168814,101798312.96030079,-631141510.8155533,3722314791.3278885,299974182.19480336,892568194.9346511,49.506,480.3743333333333,160.166,200.30991666666665,1.6245754633390412,1.5652884434147676,1.5751808380266852,1.6038250063655455,78.66098613544713,78.86848979767412,78.15725896539269,78.73361241722657,485581995.8525217,4720713164.53343,1579990674.0299053,1967877904.8908396
56,7362.337227914751,77860.65623034892,25692.7537216736,32036.74887876671,6363.054082704787,70354.29985520346,22764.968351164876,28759.99010307932,999.2831452099617,7506.356375145463,2927.7853705087164,3276.7587756873872,43554295.93912461,475992010.31236905,154505562.41378686,194907495.96976015,6219414.859608901,63244262.42877389,20820678.040829368,26178111.508816645,49773710.79873351,539236272.7411429,175326240.45461622,221085607.47857678,7162427.927709168,73722932.17902122,23892599.78302243,30458604.415668383,632868.4093054556,6419298.254817215,2228126.4867559555,2658118.8552345713,22091377.100026064,39780065.49136768,29715633.7334703,28282418.036995627,832013.4648820044,2562971.499314703,1284970.0045629754,1437848.7769334489,13056797.673177617,20500224.100149516,16056423.539269174,15661996.922617782,3598551.8097027102,29807828.146123067,11533662.62899489,12771798.527449835,7236417.079275792,16510888.796562392,11216292.76877859,10482482.1803261,113691.85436356421,110615.08702472477,72714.47620356422,112614.9857949704,57368569.36194831,217599977.39611202,105250098.61212018,113449562.17390561,-7594858.563214806,321636295.3450309,70076141.84249607,107636045.30467118,-638736369.3787681,4043951086.6729193,370050324.03729934,1000204240.2393224,51.233333333333334,492.1453333333333,165.836,205.55253333333334,1.6062256311392067,1.549233250690609,1.5581012349352734,1.5862782979821974,78.90662597129366,79.44338536071692,78.62117922442913,79.09449175759181,509936011.46451384,4939263205.989909,1666874952.598823,2060200529.5484023
57,7703.785796743757,80471.18493796536,26852.49111518918,33172.37549617131,6648.428852012108,72356.99784045844,23701.742787622512,29646.427997968323,1055.3569447316502,8114.187097506918,3150.748327566668,3525.9474982029938,45738931.68976087,494973572.3116424,162384298.85483134,202971055.90741938,6525348.20260682,66076829.6412353,21954530.929953057,27368366.706126787,52264279.8923677,561050401.9528778,184338829.7847844,230339422.6135462,7497056.6538231205,76559929.78659058,25062242.603079125,31669062.250291727,629662.5120877777,6307533.852871561,2215545.8258482353,2616917.4813621016,22639692.073340688,40618127.78159808,30441302.088240594,28932144.571230777,840596.8511110318,2627082.141801463,1314026.6055781862,1465866.7028526827,13232869.42534075,20937254.538765036,16364923.707513066,15929404.21503925,3789275.690991664,31252267.156268943,12224008.761570545,13401322.703838712,7364836.761717218,16718647.14789521,11410750.355767662,10638670.396879517,116178.39838660162,73829.82110713948,127730.7575106104,101356.39633878987,58886882.45880714,224420898.45246395,108886159.59082773,116823788.05658703,-6622602.566439448,336629503.50041384,75452670.19395666,113515634.5569592,-645358971.9452075,4380580590.173333,445502994.23125607,1113719874.7962818,52.96933333333333,503.28,171.4675,210.57806666666664,1.5887767884819468,1.533403610974724,1.5418198575908968,1.5693961763544189,79.15111491344028,80.03069482608598,79.11354487473906,79.45896788286628,535214649.8248493,5160131759.012167,1756951339.0081801,2153935638.0404105
58,8060.191436196002,83080.91987281707,28024.99788202683,34317.44638901338,6946.96138824226,74326.64490562379,24646.497705693324,30529.850619325793,1113.230047953741,8754.274967193296,3378.5001763335067,3787.5957696875853,48029658.9120803,514185995.8510126,170413298.32310095,211184376.8407066,6842545.724745152,68968759.40407188,23097624.68249517,28586720.512509506,54872204.63682546,583154755.2550844,193510923.00559613,239771097.35321608,7856045.992965813,79474736.4280513,26252063.629742336,32922587.64524573,626158.3024735003,6190995.633483264,2199824.535806947,2573851.3683269173,23196710.03041861,41456469.714714885,31181446.348213837,29587625.919922307,849548.5310775995,2691402.7075112714,1343339.526898945,1494197.4928293847,13410094.039500663,21364533.59122787,16666388.5668635,16194147.882605184,3986619.8208092055,32904305.292255037,12808503.057392977,14107809.735815246,7496259.723783915,16920700.548848942,11600432.288688853,10794814.012556674,134021.6516659511,97016.86508850871,61888.43196636069,121069.97636384628,60470611.05573812,231578888.3381875,112323031.44878164,120358508.1045954,-5598406.418912672,351575866.916897,81187891.55681448,119412589.2486207,-650957378.3641202,4732156457.090231,526690885.78807044,1233132464.0449026,54.804,514.272,177.0375,215.61780000000002,1.5722215432504811,1.5183172251399708,1.5263153020442983,1.5533550319118026,79.38952893733978,80.63409130723466,79.60132119080113,79.82512576680298,561473826.1256417,5385639753.410699,1847651985.1412675,2249931900.6754117
59,8419.495131801996,85605.33787007115,29201.646847800926,35434.5400901962,7245.493254499813,76187.6997347441,25577.546313882678,31375.265522585316,1174.0018773021827,9417.638135327039,3624.100533918251,4059.2745676108825,50360437.77539844,533187372.1115199,178596933.84119684,219349864.79304093,7168158.380535703,71879567.8860725,24282153.647928283,29817151.70747358,57528596.15593414,605066939.9975923,202879087.48912516,249167016.5005145,8221129.43559386,82406664.74618562,27459347.27553272,34186066.79430097,621641.7808799372,6066157.127919406,2180367.579185676,2527222.1523437514,23765404.060985178,42292780.59171263,31910035.53196707,30249985.846739784,858581.8653104762,2754432.1831173752,1372893.0271256107,1522129.4765428908,13587755.098936116,21783126.216228016,16972159.437755287,16456134.98998828,4194493.516344292,34475936.93836896,13590041.482064594,14792998.714052927,7623970.581336303,17113361.263789788,11783767.36882726,10945257.320195023,108728.5587220424,108338.79642168713,129311.46003151068,108592.14191691806,62038097.13765705,238625171.4944517,116101625.17486016,123843573.16253516,-4509500.981722909,366441768.5031406,86777462.31426497,125323443.33797932,-655466879.3458431,5098598225.59337,613468348.1023355,1358455907.3828816,56.61966666666667,524.9073333333333,182.511,220.52034999999998,1.5566380794976409,1.504343681374872,1.5106509087319122,1.5383350401546716,79.6446584781211,81.24658264804404,80.10805910452572,80.20533193759414,588298595.0451037,5611280710.669876,1941673374.5532637,2346342335.513774
60,8793.663903891385,88086.97562469226,30419.908247707037,36546.32300617169,7555.5313524244175,77968.07583793823,26541.71829833745,32199.921922354253,1238.1325514669666,10118.899786754033,3878.1899493695796,4346.40108381744,52800625.87964911,552235947.5716331,187095103.76019493,227602988.47184348,7511219.359938815,74846595.1557443,25515539.8295996,31078600.888470735,60311845.23958792,627082542.7273774,212610643.58979452,258681589.36031425,8602117.851705665,85381180.15405457,28734452.469972197,35474789.657527775,617224.6596776459,5934823.302782852,2161481.082142647,2478384.184764468,24351818.00677065,43136464.73321986,32657860.682776924,30926444.361027874,867991.443457832,2815570.2035823194,1403195.6017136707,1549644.0095014025,13765619.237753978,22200713.811566662,17272798.116976433,16717902.338588417,4454143.3991568005,36167712.3411811,14422034.107406955,15553892.528865304,7753993.467008531,17300354.247618046,11970676.55258417,11095219.740221862,128454.72922575027,118925.09302542722,142297.0554951766,125119.3565556372,63745604.362572655,245831486.78066117,119981991.15439978,127475663.20890363,-3433759.122984723,381251055.94671625,92628652.43539475,131205926.15141061,-658900638.4688278,5479849281.540088,706097000.5377302,1489661833.5342925,58.491,535.2226666666667,188.216,225.34708333333333,1.541492926655191,1.491064636884923,1.4964809029335593,1.5238430252355972,79.9026641136355,81.87416005327024,80.6197374751591,80.59268769250765,616509475.9580703,5841507281.503248,2039226392.8522956,2445258707.8988824
