driver,reads_as,s1_peak_need_cr,s1_crossover_month,s1_profitable_by_m60,s1_m60_users
seed_users,users at month 1,0.007059069050787541,0.018272279060348822,0.0011501150115011006,0.002875982764850948
add_rate_0,referral and growth rate at month 1,0.10470772553655047,0.34873830332494543,0.0011501150115011006,0.1850423852555055
add_decay,monthly decay of that rate,0.00312384938594212,0.010658616330722792,0.0011501150115011006,0.028584049039083542
cap_ind,"India ceiling, users",0.006773405361627979,0.05273396050591166,0.0011501150115011006,0.43005565464716466
cap_uk,"UK ceiling, users",0.0006928150772083493,0.008342914286120084,0.0011501150115011006,0.06749628008007742
cap_us,"US ceiling, users",0.0018162184769856258,0.001768481867367696,0.0011501150115011006,0.027751909103708564
churn_0,churn at month 1,0.009106310391666077,0.02488604728429617,0.0011501150115011006,0.007033154830784179
churn_floor,churn floor,0.002359197976940943,0.004974788492232257,0.0011501150115011006,0.011020088906672209
churn_halflife,months to half the churn gap,0.003419157374234361,0.00969040305148233,0.0011501150115011006,0.009668447630033435
churn_vol,churn sensitivity to saturation,0.001405777206606577,0.0012435208333403426,0.0011501150115011006,0.0010117423446558034
cac_0,"cost to acquire a user, Rs",0.0009684443012104465,0.0010810186528018289,0.0011501150115011006,0.001685744692703236
cac_growth,monthly growth in that cost,0.0013383715998751418,0.001035440768995592,0.0011501150115011006,0.001885212035081307
tasks_day,tasks a user runs a day,0.04497082208304587,0.01941089158817988,0.0011501150115011006,0.00081403660064368
price_ind,"India price, $ a month",0.11666307225179416,0.08209747425912718,0.0011501150115011006,0.0019121636763916468
price_uk,"UK price, $ a month",0.00210496417452891,0.007343462323405414,0.0011501150115011006,0.002038815401167319
price_us,"US price, $ a month",0.0007193756181759964,0.0012688852136345503,0.0011501150115011006,0.0007522537034111426
price_drift,price_drift,0.004822645930638604,0.009431604330269799,0.0011501150115011006,0.0018469864319474593
fx,rupees to the dollar,0.007056812040041129,0.007365209571710577,0.0011501150115011006,0.0007060211923288099
auto_0,automation at month 1,0.0012810204037928285,0.0013681259785030097,0.0011501150115011006,0.0013479773828790004
auto_ceil,"automation ceiling, share of tasks",0.0024473603216429054,0.0018854748694003237,0.0011501150115011006,0.001160193643665484
auto_hl,months to half the automation gap,0.0028850386383440603,0.0023924674466418204,0.0011501150115011006,0.001220049140490348
jump_rate,jump_rate,0.0013424163303091573,0.0008654739596483831,0.0011501150115011006,0.0015035235865073582
jump_size,jump_size,0.0014358375983165813,0.0009463623263466675,0.0011501150115011006,0.0008849321640004267
tail_0,tail share at month 1,0.004518313738426324,0.0011254810858494296,0.0011501150115011006,0.0008983425171301422
tail_floor,tail share floor,0.004894566118942107,0.002480066704589067,0.0011501150115011006,0.0008501982235614157
assist_0,"assisted task at month 1, minutes",0.0029447577960766544,0.0019338737120091938,0.0011501150115011006,0.0016028875376148384
assist_floor,"assisted task floor, minutes",0.0011995415404302393,0.0011408670316397514,0.0011501150115011006,0.0014853581595305715
tail_min_0,"tail task at month 1, minutes",0.011485070775189815,0.003478277930409165,0.0011501150115011006,0.001156688041105239
tail_floor_min,"tail task floor, minutes",0.0015019888934402377,0.002108807510422951,0.0011501150115011006,0.0014487160844534892
learn_hl,months to half the learning gap,0.00551982559068136,0.0047506374498378166,0.0011501150115011006,0.001014689535917873
attrition,annual attrition of the floor,0.0010454284827821952,0.0005777705144294538,0.0011501150115011006,0.0009046001630357147
tok0,"tokens a task at month 1, $",0.006763275868599259,0.0027986087259448656,0.0011501150115011006,0.0015733775539264617
tok_decline,monthly decline in token price,0.004563770191488763,0.0028615064076718834,0.0011501150115011006,0.00083063384355485
tok_usage_growth,monthly growth in tokens a task,0.003484840429462242,0.0027141234346987992,0.0011501150115011006,0.001870727340159892
tok_plateau,tok_plateau,0.0010052639630275771,0.0009769119360732341,0.0011501150115011006,0.001085200352317317
gen_ctc,"generalist cost to company, Rs a year",0.007429409509681308,0.003983781219228354,0.0024002400240022968,0.0014749085897424327
gen_infl,gen_infl,0.0008128997054959739,0.0008471559141283841,0.0011501150115011006,0.0007688292165192927
mgmt_infl,mgmt_infl,0.0013113124731648916,0.001172814996302869,0.0011501150115011006,0.0008833262766252539
mgmt_scale,mgmt_scale,0.0013657828449633051,0.001087565863776433,0.0011501150115011006,0.0010736892893527068
oncost,employer on-costs,0.0029199684152018133,0.0021343113220619837,0.0011501150115011006,0.0011295427165074075
seat0,seat0,0.0013836108478939952,0.0008741712423751394,0.0011501150115011006,0.001271746954521338
seat_scale,seat_scale,0.0009354333034409367,0.000589490830371649,0.0011501150115011006,0.0010499388878263923
perks,perks,0.001212853606415895,0.0012444321889420503,0.0011501150115011004,0.0013251879110032676
sup_ratio,supervisors per generalist,0.0017598507484832702,0.0009465987534096413,0.0011501150115011006,0.0007692861265212837
qa_ratio,QA per generalist,0.0013311110644321025,0.002185945376019731,0.0024002400240022968,0.0010927517199390841
sup_mult,supervisor and QA cost multiple,0.0025189901302171648,0.000922867134370827,0.0011501150115011006,0.0011758532729896742
prod_min,productive minutes a person a month,0.0029368906730708965,0.0016706960382713708,0.0011501150115011006,0.0009039381873260758
util,utilisation,0.0032927874814867425,0.001544732953054714,0.0011501150115011006,0.001545251922413628
eng0,engineers at 100 users,0.07120831160769388,0.010038872293373262,0.0024002400240022968,0.0012163979069827644
eng_ctc,"engineer cost to company, Rs a year",0.04351553580173592,0.0059619704966019284,0.0011501150115011006,0.001568565044943363
eng_exp,engineering scaling exponent,0.03651800936909769,0.011490582957879383,0.0011501150115011006,0.0010980509032815955
eng_infl,eng_infl,0.0025746449094352095,0.0016994532479564378,0.0011501150115011006,0.0007313537727967575
replat1_m,replat1_m,0.0013351862735980727,0.0012610588716269436,0.0011501150115011006,0.0009275156346720391
replat1_c,"first replatform, Rs",0.0020100820154479357,0.0011763593815033175,0.0011501150115011006,0.0009185874087630379
replat2_m,replat2_m,0.001305253653805847,0.001399797101220592,0.0024002400240022968,0.0007740886537132757
replat2_c,"second replatform, Rs",0.0014222005717651623,0.008062032873077168,0.0011501150115011006,0.0019997711988773174
legal_base,legal_base,0.003179686007304102,0.0014585704441824384,0.0011501150115011006,0.0012820466963007519
soc2_m,soc2_m,0.001062344634112084,0.0010465184883050955,0.0011501150115011006,0.0014721198336396935
soc2_c,"SOC 2, Rs",0.001709427730619892,0.0016628777792402787,0.0011501150115011006,0.0012452306658776863
audit,"annual audit, Rs",0.0017959676611379444,0.001875068037141305,0.0011501150115011006,0.0016087444535041906
insur_1k,insur_1k,0.001652199784137269,0.0013964527696888162,0.0011501150115011006,0.0009774264375194987
inc_rate,incidents a month,0.0016789890378835575,0.0011506737028927623,0.0011501150115011006,0.0006519944487158221
inc_cost,"cost of an incident, Rs",0.003219675976918904,0.0015144096666704762,0.0011501150115011006,0.0011288138978561468
uk_m,UK launch month,0.0017046814281277466,0.01003406090160458,0.0011501150115011006,0.0025543030309288276
us_m,US launch month,0.002865131500115746,0.002880972235856564,0.0011501150115011006,0.007831090069152478
uk_entry,"UK entry cost, Rs",0.008422536978200055,0.002756518646503495,0.0011501150115011006,0.0005747919203664709
us_entry,"US entry cost, Rs",0.0026115972341333882,0.04704991846854361,0.0011501150115011006,0.0008063284849660677
uk_legal,uk_legal,0.001174514213413656,0.0011346613264227713,0.0024002400240022968,0.001301926079864399
us_legal,us_legal,0.0011611031151964365,0.0016324494141613907,0.0011501150115011006,0.001327020688935433
fric0,new-market friction at launch,0.0009511797618189161,0.001093236071799507,0.0011501150115011006,0.0009847329789189766
fric_hl,months to half that friction,0.0009408321670529226,0.0006580748860747557,0.0011501150115011006,0.0012458110762762831
psp,"payment fees, share of revenue",0.001380151114006345,0.0009299013446802708,0.0011501150115011006,0.0014218909421567798
makegood,"make-goods, share of revenue",0.0023140604468844055,0.002252680450845753,0.0011501150115011006,0.0012619103134443857
gna0,"G&A at 100 users, Rs a month",0.28440711795385404,0.02599395258435868,0.0011501150115011006,0.0011003269751478013
gna_exp,G&A scaling exponent,0.03084369713174512,0.0057754497513584375,0.0011501150115011006,0.0005270665706182165
