month,users_cons,users_opt,users_med,users_plan,revenue_cons,revenue_opt,revenue_med,revenue_plan,labour_cons,labour_opt,labour_med,labour_plan,tokens_cons,tokens_opt,tokens_med,tokens_plan,eng_cons,eng_opt,eng_med,eng_plan,compliance_cons,compliance_opt,compliance_med,compliance_plan,sales_cons,sales_opt,sales_med,sales_plan,gna_cons,gna_opt,gna_med,gna_plan,onetime_cons,onetime_opt,onetime_med,onetime_plan,total_cost_cons,total_cost_opt,total_cost_med,total_cost_plan,contribution_cons,contribution_opt,contribution_med,contribution_plan,cum_cash_cons,cum_cash_opt,cum_cash_med,cum_cash_plan,gen_heads_cons,gen_heads_opt,gen_heads_med,gen_heads_plan,floor_heads_cons,floor_heads_opt,floor_heads_med,floor_heads_plan,eng_heads_cons,eng_heads_opt,eng_heads_med,eng_heads_plan,blended_min_cons,blended_min_opt,blended_min_med,blended_min_plan,auto_share_cons,auto_share_opt,auto_share_med,auto_share_plan,tok_task_usd_cons,tok_task_usd_opt,tok_task_usd_med,tok_task_usd_plan,churn_cons,churn_opt,churn_med,churn_plan,arpu_usd_cons,arpu_usd_opt,arpu_usd_med,arpu_usd_plan,min_per_user_month_cons,min_per_user_month_opt,min_per_user_month_med,min_per_user_month_plan
1,266.2029103162138,234.00129730796908,243.9530360993699,254.93234576332813,730166.6382846828,701316.3575446702,695569.5504265389,720069.0400256785,1649498.6844527728,1169209.522699967,1367060.2265254513,1481397.4778392909,407565.1977490697,298003.2050927545,343603.5845176796,369218.5003193594,3371531.627207714,2492754.8777715955,3029268.1135009234,3063959.7649050727,425447.83394200733,400633.8524295316,418450.31316064234,416762.9404126408,72835.84974911738,48288.57818636519,54544.28439668911,64244.30470215411,2183373.2357387054,1427115.7309340606,1834120.077086977,1918683.1090570798,99426.65774794506,89170.61892534108,85157.28403824416,95837.04416003368,8248445.449591263,5961881.197870059,7168678.90709107,7448147.961488841,-7518278.81130658,-5260564.840325388,-6473109.356664532,-6728078.921463164,-7518278.81130658,-5260564.840325388,-6473109.356664532,-6728078.921463164,16.575,11.895,13.8665,14.937,21.142666666666667,15.376666666666667,17.7605,19.124566666666666,8.491333333333333,6.795,7.8005,7.897616666666666,9.292242824468802,8.84495235228335,9.11512933446388,9.135691159203894,0.4124784937241176,0.41321045815975804,0.41404821543871184,0.41273468127659174,0.32818274669897207,0.3168062157881788,0.32423360981240973,0.32420096088019446,0.09587394209874545,0.10148627493142434,0.09884388812659294,0.09783825859018305,30.640868676714618,33.31788364445906,31.76895030143462,31.577823915425174,484.0294864360249,398.1664632020984,443.480256141386,453.97742830415064
2,300.33397812263905,253.16581549382528,266.5583742560611,283.8251212025542,826260.8520916293,761403.0627710064,762242.3163601412,803560.6258294112,1806687.5783800131,1223407.1070542398,1449585.9854240604,1602539.4134159926,444466.7888681252,310220.1706387983,362103.44105689146,397480.4724878608,3562726.8212142144,2580468.70991337,3148363.0120383846,3218936.4822589187,426286.06346287887,401090.1953499012,419006.21940661944,417467.5096233367,81927.02744180855,53138.20127976631,60608.40532148923,71850.93828509377,2286765.0269898544,1469024.5602486762,1895482.5882423425,2000555.8636304422,142285.80885572,133204.6809390446,130003.21329122185,139107.4140848836,8795007.077427495,6210407.114583409,7505124.558921599,7890397.090432065,-7968746.225335865,-5449004.051812402,-6742882.242561458,-7086836.464602653,-15487025.036642445,-10709568.89213779,-13215991.599225989,-13814915.386065815,18.088333333333335,12.415333333333333,14.6205,16.102783333333335,22.996333333333332,15.992666666666667,18.6875,20.54505,8.864666666666666,6.952333333333334,8.014,8.19535,9.016351514155302,8.558305896470896,8.830527541411847,8.85603554796576,0.42532518381739365,0.4272480067849483,0.42756071780453975,0.4259981718560378,0.31739719377829395,0.30551043221263624,0.3129609253400624,0.31323682723031376,0.09281881643954501,0.0981243251615975,0.09551346931712607,0.09467574449226338,30.723480855914726,33.41795302850567,31.857882950004516,31.666546116321555,469.63313368892887,385.22949775217285,429.59472755375543,440.09186111106425
3,339.9792962173143,274.55339406298157,291.57739262020135,317.0802304632978,937751.4880995185,828459.5425056631,836073.2286720228,899499.3071416691,1974271.4558493341,1279877.8763755057,1531562.7532285205,1731233.7030334943,486108.28271878377,323761.3435544758,381689.63801932306,429286.85401127604,3758249.261063488,2669359.0684061805,3276221.91658268,3377137.6936334306,427262.5316951791,401600.07050932385,419620.3435034405,418280.67028012977,94183.00338077944,58064.49197597796,66531.15413018133,81541.52438909892,2397060.0642081005,1513290.6281596515,1959544.5402645126,2087740.7615911434,79335.93812807134,114981.94822289082,193565.1990312293,91812.04166125815,9266240.462204503,6404297.6765757855,7872573.932363237,8264560.487234452,-8328488.974104985,-5575838.134070123,-7036500.703691215,-7365061.180092783,-23815514.010747425,-16285407.026207915,-20252492.302917205,-21179976.566158596,19.702666666666666,12.923333333333334,15.368,17.329900000000002,24.957333333333334,16.609333333333332,19.598,22.035533333333333,9.242,7.108,8.2425,8.4951,8.70746394888049,8.24001965922279,8.51325968853545,8.543858447500295,0.4377360689546919,0.4407890768633105,0.4405816845081007,0.4388046217227084,0.307017414998111,0.2946630680039619,0.302131235283398,0.30269339355015884,0.08967935921589068,0.09571029542978761,0.09318899177204264,0.0917901868907546,30.806360611720574,33.51837243372853,31.947111057550217,31.75556474942336,453.5108569045042,370.86920887497394,414.1236725121277,424.5862800941686
4,385.15101667868703,298.38663334497494,319.06534730576004,354.78348251188777,1065381.3955023107,903576.3340308509,917997.2444740097,1008749.6239872999,2158473.7696395675,1338126.5957744,1616849.1094401293,1871352.2587867589,532682.5482919246,338919.7939226296,402695.96162975085,464865.58426267136,3963640.1777290916,2763347.0519365044,3404767.266519222,3543537.583701686,428381.8795312532,402172.24135932303,420289.56029064936,419208.5061710776,107145.40576356639,63423.320964547274,73062.11661773491,91842.6760839097,2513951.3396682534,1559257.9809198552,2025318.0511862712,2179808.664106314,99416.46462834763,76542.69866495053,60340.20838248922,91410.64654115864,9860225.689544482,6589075.303493813,8051457.520241743,8715323.054426748,-8794844.294042172,-5685498.969462962,-7133460.275767733,-7706573.430439448,-32610358.304789603,-21970905.995670877,-27385952.578684937,-28886549.99659805,21.436666666666667,13.439333333333334,16.127,18.6376,27.079666666666668,17.237666666666666,20.5255,23.634966666666667,9.633666666666667,7.2716666666666665,8.4675,8.806966666666666,8.387406114120038,7.911807189049574,8.185167052702074,8.220946490345376,0.4497015487857102,0.45387482487088027,0.4531629542869785,0.4511621954155197,0.2970267060878556,0.28424492769061105,0.29172557110259484,0.29255308364882,0.08756068074489534,0.09275110789580387,0.09064729597085348,0.08937733024771333,30.88950891897492,33.619143211720406,32.03663572360408,31.844880921435838,436.8042778660644,356.064393070091,398.12933773751047,408.54531818747375
5,436.65151391473165,325.665982752188,349.6167924393792,397.8065780078414,1211382.7092642996,989546.0441777079,1009006.6010926923,1133739.8764839924,2356580.5164302285,1403737.8435460227,1704230.4215687232,2023085.5809207566,583806.7644826344,356314.61126849824,425583.8195895911,504184.51085768675,4190789.2963476963,2866624.014848839,3553509.903543031,3727331.4478230965,429659.5684461337,402814.8972060804,421035.40484584717,420263.93351211504,121736.69729090165,70552.22306345843,80128.66535988745,103822.13131129653,2637235.621575978,1608581.014794811,2093612.69386901,2277206.5092025697,126789.50415628968,94144.7597826691,84683.19680589357,115363.84362552248,10510858.318941869,6854542.281122716,8415693.76981677,9231147.705705166,-9299475.60967757,-5864996.236945007,-7406687.168724075,-8097407.829221173,-41909833.91446717,-27835902.232615884,-34792639.74740901,-36983957.825819224,23.293,14.027666666666667,16.9075,20.05013333333333,29.340333333333334,17.949,21.4725,25.35336666666667,10.064,7.455,8.7355,9.15085,8.068491771468308,7.58658947453163,7.859240214083604,7.899825967540471,0.461285362436982,0.46648376696294575,0.46530738801869026,0.46310480402106924,0.28740909936214154,0.27423768675877175,0.28172583155501546,0.2827991049509621,0.0854100622554954,0.09100931366770677,0.08780752982747773,0.08736980024976937,30.972926756382957,33.72026671967489,32.12645805213999,31.934495743535134,420.1585159726723,341.3957057185948,382.246198424281,392.5915323837452
6,494.63475456099127,356.296200598289,384.133656170534,446.2162606740455,1376080.0513024328,1086145.9333541638,1111731.5931234802,1274603.1100205388,2576483.156273515,1474558.1101401055,1802839.0487232618,2190809.3901268216,639588.0608325735,375377.4881551488,450938.9309009426,547114.3603954748,4426597.822811968,2975148.6201512627,3694890.36305792,3918590.6018807213,431083.1024855242,403529.93734792573,421892.97007626866,421439.4946873647,137856.79307134487,77927.51678775706,89043.39365714177,116881.54637208914,2764876.233750474,1660153.0908960933,2166545.1983594866,2378223.133751441,147191.05321329975,91004.13623130758,173911.34033914408,127525.6322696025,11196643.71541486,7114509.677272536,8858356.62140829,9767896.802065045,-9820563.664112428,-6028363.743918373,-7746625.02828481,-8493293.69204451,-51730397.57857961,-33864265.97653426,-42539264.775693834,-45477251.517863736,25.307,14.659666666666666,17.777,21.580433333333332,31.810333333333332,18.714333333333332,22.535,27.226733333333335,10.507,7.647666666666667,8.98,9.506233333333334,7.758445615618623,7.270870339292882,7.542498521704325,7.587794268904613,0.47241659316308793,0.47870901696026297,0.47705963711139876,0.47461894149209916,0.2781493294132595,0.26462385022984203,0.27211474091841764,0.27341541169906336,0.08305186259131953,0.08777026066378436,0.08600931854441206,0.08470330191668221,31.056615106528568,33.821744320410886,32.21657915159243,32.02441033138738,403.9753048503163,327.1593717292128,366.81153065533294,377.08972825793006
7,561.9744516615358,390.3079274798571,422.5224055385037,501.8911681979482,1568045.5201690726,1193859.65241855,1226209.5997746917,1437080.4664563898,2821395.767874767,1551841.1886197669,1909227.639289962,2377051.665135517,702495.4402481847,396100.0428345273,478663.3214471276,595257.0511534046,4675588.852679388,3086141.861139139,3851766.3484346373,4119282.4056403004,432730.60279568436,404352.70797850826,422824.3939850256,422798.33960967266,158733.4273077921,86525.50925222869,99034.49992316667,133460.6559883449,2902694.780574107,1713481.2594537563,2242202.700262032,2486470.048181984,189767.11649431792,113709.88327072763,163478.54252205763,163147.08486606134,11966526.960414058,7414595.439539019,9231490.148654275,10373350.928107794,-10398481.440244986,-6220735.78712047,-8005280.548879581,-8936270.461651405,-62128879.018824585,-40085001.763654724,-50544545.32457341,-54413521.979515135,27.564,15.339666666666666,18.7125,23.28548333333333,34.557,19.544333333333334,23.673,29.302566666666667,10.964666666666666,7.8406666666666665,9.252,9.871266666666667,7.460182286632655,6.968957042545311,7.238789197392593,7.288253451202085,0.4832317547897356,0.49048848960574304,0.4884276903137186,0.48577161197533825,0.2692328004745463,0.2553867132866961,0.2628758093135628,0.2643866699587987,0.08150531744510982,0.08538489850072468,0.08377547524235311,0.08286317081457502,31.140574955890674,33.923577382397184,32.3070001348756,32.11462580516795,388.4089825333008,313.5440005476008,352.0121357372527,362.2062388383058
8,638.6125457188417,428.69554167309815,465.8687210804193,565.1415943028314,1787110.5056053957,1315420.227487946,1356108.943089657,1622018.9082642884,3093185.3198318356,1638696.0412526585,2029596.6609028378,2584114.0723291235,772122.968813859,419117.69139624626,509022.23426158493,648571.1217176946,4942605.595824304,3202922.324033492,4016266.7357708034,4333716.45069752,434618.90364778996,405267.2162992643,423882.6310001003,424345.813075806,180994.80587539438,95687.72815205177,110352.73772843182,151137.32867222448,3046797.6381580187,1770679.3105643508,2323027.8268484045,2600156.223500235,98137.17525016665,90827.34846067244,97588.98766414204,95578.73587384367,12663167.835583318,7691984.308797645,9580862.795197524,10923253.601208333,-10876057.329977924,-6376564.0813096985,-8224753.8521078685,-9301234.692944046,-73004936.3488025,-46461565.84496443,-58769299.176681265,-63714756.67245918,30.036333333333335,16.099,19.7715,25.15826666666667,37.568333333333335,20.474,24.966,31.58531666666667,11.455,8.041333333333334,9.5365,10.260216666666667,7.176031143452551,6.682054201328305,6.950164205632355,7.003139213709066,0.4936983368881079,0.5019007497951364,0.49939793535728083,0.4965691814055678,0.26064555537018425,0.2465103238439732,0.25399329501696244,0.2556982243360104,0.07859456790083029,0.08315119106944241,0.08118824639955136,0.08018938600984453,31.224807294859698,34.02576727977716,32.39772211940274,32.20514328958081,373.57989451139025,300.60406723940923,337.9504257349785,348.0383549661969
9,726.410322102837,471.33729413628856,514.6116223823612,637.134762314545,2039016.7053580042,1451003.2782993778,1502505.14279939,1833212.005887485,3398757.5748618506,1730774.068007968,2157161.497943859,2814963.3474629917,849647.0114665615,444077.8704636796,542504.8727964206,707697.8121155528,5224807.793849722,3325106.6267668395,4185799.0144545278,4559912.385370713,436778.55542072246,406289.512126171,425077.6986571902,426107.3902676294,207953.22844299467,105855.62374477237,123110.15662663852,172219.06679861687,3200608.6313554817,1829367.726227445,2407329.355622695,2720674.3145606685,102319.64310146829,107011.22556996056,101515.49743454302,103961.69696544058,13528919.262933837,8024348.004037874,10021287.944794936,11602319.322320249,-11489902.557575831,-6573344.7257384965,-8518782.801995544,-9769107.316432765,-84494838.90637834,-53034910.57070292,-67288081.97867683,-73483863.98889194,32.79633333333334,16.918333333333333,20.8965,27.239033333333335,40.925666666666665,21.464333333333332,26.325,34.1142,11.967333333333332,8.252,9.8235,10.666966666666665,6.907005898911802,6.411146509050947,6.6767219186446125,6.733455112460502,0.5037376173102024,0.5129052454010598,0.5100393639102893,0.5069462871420025,0.25237424597138647,0.23797944696313736,0.24545216866036043,0.24733606631849928,0.07694875045903284,0.081555441198419,0.07974644798233298,0.07856109221781798,31.309313117754044,34.12831539239356,32.48874622710536,32.29596391387788,359.54421516526475,288.39278522345205,324.6269124463233,334.6412146856303
10,825.5249463593219,519.6163325984837,568.0432785678096,718.4569315430285,2323809.957761766,1604744.5747958962,1663379.1954180126,2072137.0737237115,3735637.766214489,1835672.9084690006,2296246.6799636693,3070650.066003568,933948.8821964865,471809.6311255827,577601.9541070353,772200.1443216702,5523378.089255231,3454766.7350501157,4364894.023026082,4799364.115283441,439212.9003333078,407436.6654594927,426393.1131453882,428091.21812747256,235444.4395838058,118951.20045908676,136240.14937543345,194671.80589015415,3359089.28994975,1891309.0385614077,2494539.74830204,2845366.2019638307,136211.26314171017,76082.08589397257,110281.7233026539,115166.051105002,14486040.290207673,8339935.490529293,10493401.89299069,12334903.61032024,-12162230.332445905,-6735190.915733396,-8830022.697572678,-10262766.536596527,-96657069.23882426,-59770101.48643632,-76118104.67624947,-83746630.5254885,35.803333333333335,17.847666666666665,22.1025,29.51885,44.58433333333333,22.588666666666665,27.79,36.88585,12.499666666666666,8.474666666666666,10.1255,11.090916666666667,6.652312949333409,6.155701535382924,6.419048658148688,6.47849895445074,0.5135221941510638,0.5235748483236669,0.5202819992271351,0.5170406231114749,0.24440610508309366,0.22977953101827076,0.23723807921908047,0.23928680416040565,0.07496492164864203,0.07923624351013149,0.07787257394278041,0.07645988430016334,31.39409342283671,34.23122310581343,32.58007358445278,32.387088811878556,346.25690391905187,276.8751187299149,312.0755907290107,321.9732791028539
11,936.3503165361476,573.2201533361977,626.304498411516,809.2547594161651,2643319.4736621394,1776149.361716989,1839083.2015601129,2339809.9344813367,4105581.448545743,1949710.2842259048,2445451.7314741956,3351026.5410337998,1024737.757700485,501854.55206608644,614538.0650854302,841728.6357284455,5835114.077026749,3588595.5222694436,4554166.19778026,5048832.582861693,445256.3674032664,411122.7729499397,430556.5831549629,433309.6093446021,266704.5888621194,132096.75569226113,149098.86158631145,219591.84725266902,3522788.8442129223,1956008.8746860896,2583124.3350811787,2974415.854878531,207681.34511024295,218984.6910166362,237857.07051746614,211637.5161774806,15547852.305727696,8851242.18631327,11111222.666721823,13204038.763932645,-12904532.832065556,-7075092.824596282,-9272139.46516171,-10864228.829451311,-109561602.07088982,-66845194.31103259,-85390244.1414112,-94610859.35493979,39.05133333333333,18.859,23.386,31.98401666666667,48.54266666666667,23.807666666666666,29.3455,39.88541666666667,13.049,8.7,10.442,11.52685,6.41258247459053,5.915754285394695,6.176806703870183,6.238692608371988,0.5228865394123996,0.5338326588894855,0.5301089639938735,0.5267176812293797,0.2367289196892497,0.2218966755234992,0.22933732169660043,0.23153763423123702,0.07347556584132381,0.07761510623114287,0.07598817105610861,0.07492440497776048,31.479149212331897,34.33449181135314,32.671705322471524,32.47851912198933,333.75329689346114,266.058276117507,300.27954289078093,310.0600396218772
12,1063.878265681336,634.5208961548439,692.2422231895948,913.6031863470637,3011911.491467708,1972325.0437150586,2038990.9835331333,2648056.2347542807,4522268.839705302,2082452.1411482827,2613466.346300615,3668332.995210346,1127392.06138118,535613.6342181477,655375.3987509342,920269.6118741187,6168170.455270579,3726485.8345390423,4742631.58372996,5313580.838014541,456117.33019461995,420393.3441697952,441178.34693826846,443613.9350859313,306054.3664281372,149726.2823508749,166610.49740114194,251339.5370010954,3698327.8609566283,2024754.2791402207,2676579.7561558685,3112577.1073208856,354237.4627319831,346686.50500475726,376505.7060839155,351594.62752745405,16792046.07876543,9389201.647788418,11779273.71116262,14201050.527923476,-13780134.587297723,-7416876.604073361,-9740282.727629485,-11552994.293169197,-123341736.65818754,-74262070.91510595,-95130526.8690407,-106163853.64810897,42.68,20.022666666666666,24.816,34.74993333333333,52.964,25.220333333333333,31.0875,43.25371666666666,13.631666666666666,8.929,10.7495,11.985733333333332,6.185985828660142,5.690062322459174,5.948526026458192,6.012412601489803,0.532036906124528,0.5437649380308346,0.5396745890421112,0.5361417172917353,0.22933100548845944,0.21431760053761567,0.22173680641765703,0.2240763137556641,0.07136290862175507,0.07517909474095154,0.07395943648080978,0.07269857376347383,31.564481492441757,34.438122906103516,32.763642576765015,32.570255987223376,321.9336015729888,255.8849890916963,289.16787439691444,298.8165872045364
13,1210.3523890774018,703.4657665708144,766.4370467823265,1032.9420712000963,3437686.5456424546,2193775.0603156807,2265218.972368293,3002317.5257780836,4997731.852930947,2227457.0382587574,2800745.905028063,4028135.667795681,1241340.1410144158,572745.7390556089,700629.304479449,1007332.1003288333,6524696.029835534,3875820.98941803,4951899.939959984,5597589.7656894075,473890.59108540247,438263.6354803576,460000.2665922206,461421.1566236367,351794.54495499807,165743.50650299902,187408.92298385507,286676.6814967984,3882947.145070046,2096552.3385080525,2775124.646728516,3257708.962773348,539891.7572808864,542508.7753718543,487918.78174417955,540807.7136127251,18194321.301949333,10033735.78203522,12482569.086575022,15338116.369979393,-14756634.756306877,-7839960.72171954,-10217350.11420673,-12335798.844201308,-138098371.4144944,-82102031.6368255,-105347876.98324741,-118499652.49231029,46.79866666666667,21.304666666666666,26.4135,37.875766666666664,57.974333333333334,26.765666666666668,33.03,47.051300000000005,14.250333333333334,9.179666666666666,11.0935,12.4756,5.972725467959951,5.477715764882751,5.7326362629688905,5.799472071882931,0.540859123312895,0.5534411794234758,0.5491050013180392,0.5452628429515982,0.22220118265536412,0.2070296175658881,0.21442402984685804,0.21689113487404751,0.06956805399854255,0.07383560372658864,0.0722957382145944,0.07106169640335869,31.65341613159316,34.55334163388216,32.86111378840341,32.66839005739431,310.8106032836852,246.31430700803952,278.6603005306466,288.2368995872092
14,1375.6314614576347,780.5206940745337,849.1524530697733,1167.3426928735494,3921439.5425132383,2445559.855406677,2521391.9208561773,3404881.6520259418,5521946.073205362,2388787.342071876,3007708.9571712874,4425340.517308642,1365744.9826356727,612658.645471255,749647.9548822999,1102164.7646281265,6922558.03209898,4048467.174060266,5195543.5321823275,5916626.23178543,514618.0095551038,471975.11643038836,493781.06499108206,499692.99696145335,399334.4534561651,185208.12833388543,207254.6244183633,324390.2396633672,4076173.8435452124,2171466.5808437094,2878395.058768367,3409526.301599686,977246.6014862377,858769.6074136257,986240.3024528711,935779.6535608235,19985241.502747603,10865119.621367488,13650815.84931842,16793198.844264563,-16063801.960234368,-8419559.76596081,-11129423.928462246,-13388317.192238623,-154162173.37472877,-90521591.40278631,-116477300.91170967,-131887969.68454891,51.296,22.694,28.178,41.2853,63.43,28.457333333333334,35.1645,51.189566666666664,14.939,9.477333333333334,11.502,13.027416666666667,5.771910909148758,5.278919955003688,5.5311406173617685,5.599364075197983,0.5493356558279006,0.5626405251658214,0.5579461277111711,0.5539923600961728,0.2153287527664181,0.20002060188321727,0.2073870468541967,0.2099708999572978,0.0687229504194675,0.07212002493844592,0.07048117220132562,0.06991192650110994,31.772403910821538,34.72263338442514,33.01154005161129,32.804984226582796,300.3393599053229,237.35775040013274,268.8451116667707,278.2957965785064
15,1565.0266572664912,867.8128244834757,944.0255614677197,1321.0018157924358,4481368.863446463,2734555.870525167,2818507.714943736,3869984.3159240093,6120065.231011729,2572283.384945848,3241978.164832662,4878341.584888671,1503514.6208806322,657300.0996687342,804310.0919814284,1207339.538456468,7377714.5808883,4244346.38044601,5461833.954467123,6281035.710733499,571752.9689597464,524176.50454704434,548249.1248617067,555101.2064153007,453776.80812213564,206584.60393911615,234943.82885504677,367259.53665807884,4280875.036857695,2250679.617899768,2988394.1397267035,3570306.640222421,1474578.7992380408,1515803.3856896134,1615331.5864155493,1489007.4044960914,22019496.719217546,12114067.698354915,15042820.628422003,18552596.561915625,-17538127.855771083,-9379511.827829748,-12224312.913478268,-14682612.245991616,-171700301.23049986,-99901103.23061605,-128701613.82518792,-146570581.93054053,56.31,24.283,30.158,45.10055,69.555,30.38233333333333,37.5615,55.84456666666667,15.730333333333334,9.817666666666666,11.946,13.6609,5.5840665434888495,5.092701494381419,5.343055338182622,5.412088776301249,0.5573041429155882,0.5714311233530998,0.5662239385087002,0.5622485860687172,0.20870347683191798,0.19327896620676627,0.20061444435303857,0.20330489811311486,0.06651024818355847,0.07052156045192773,0.06923362424449764,0.0679142074774877,31.912597903874627,34.936393720679916,33.19653440233927,32.970926439756475,290.54467633169463,228.966125811092,259.68974168340276,268.9921836494837
16,1782.0065298657541,967.8065998695174,1048.725805361296,1497.0365543670714,5131940.2487034425,3069535.0533882906,3149438.346772088,4410098.43034314,6796098.193754903,2782591.7567858137,3497320.6386717204,5391370.940815722,1657623.1798778235,707729.3489084615,862890.2389859534,1325160.3390385467,7908124.829171828,4476427.580628657,5763543.89835255,6707030.792181718,655833.8613766173,596137.3772212586,617411.0123092739,634940.0919222417,520926.5482895659,235072.5988207403,261329.97726593175,420877.66597547696,4498304.386698273,2334741.14376692,3104291.6589669446,3741057.2516722996,2171308.580867012,2051794.8490767751,1844760.1015921468,2129478.774740429,24479789.906902716,13344854.434349889,16116663.076939626,20582562.49150923,-19347849.658199273,-10275319.380961597,-12967224.730167538,-16172464.061166087,-191048150.88869914,-110176422.61157766,-141668838.55535546,-162743045.99170664,61.949333333333335,26.090666666666667,32.31,49.39880000000001,76.41966666666667,32.574333333333335,40.158,61.073800000000006,16.661,10.233,12.4615,14.411200000000001,5.408075772027248,4.920372724920961,5.1681180345152224,5.2373797055400475,0.564836517898375,0.5794501162444871,0.573907341184453,0.5699512773195142,0.2023155543791357,0.18679363564993165,0.1940953162401002,0.1968828828239143,0.06534221438872756,0.06925707581576343,0.06793059815749167,0.06671241588819012,32.09724696224454,35.20789348295257,33.40412572681482,33.18597324449235,281.3745602361657,221.20110330882397,251.18724833047708,260.31385031159607
17,2028.292371102083,1081.3607862688518,1166.3714941880603,1696.8663164104523,5875315.435732556,3453987.568729585,3529705.2515646513,5027850.6822815165,7557017.620174835,3016342.363512098,3787492.5449558445,5967781.280342878,1827436.6510809187,763076.0583945459,927672.6732335039,1454910.4436406882,8496499.412148882,4737460.613051387,6124353.363699419,7180835.832464758,749969.8918234907,686677.6874781467,702987.074042775,727817.6203026203,594975.3768938091,264741.0875435374,287657.33757505333,479393.375621214,4723606.002116591,2425294.761071179,3225098.372850049,3919197.0677506966,2652677.979047326,2438422.0699668857,2574878.324168645,2577688.410869172,26913092.01766735,14512404.963731075,17815185.34782939,22572851.548789654,-21037776.581934795,-11058417.39500149,-14285480.09626474,-17545000.866508137,-212085927.47063392,-121234840.00657915,-155954318.6516202,-180288046.85821477,68.21866666666666,28.124333333333333,34.7215,54.18565,84.05466666666666,35.02166666666667,43.083,66.89311666666667,17.688333333333333,10.708,13.0875,15.245216666666666,5.2431633259978865,4.76124472746577,5.0041991611435,5.074491816511646,0.5718952390371397,0.5866626402293638,0.5811438855146842,0.5770638294544181,0.19615560353424688,0.18055402389306693,0.18781923957067218,0.1906950506598339,0.0642428861386357,0.06769401035609421,0.06586605878721469,0.06545077961474619,32.29685674205593,35.53240854231428,33.68641570299224,33.42929987214635,272.7729875661393,214.03345725033907,243.2073659728626,252.21415195560922
18,2310.5620947158313,1210.0754721093153,1301.0366272818621,1925.3917768035508,6735198.002578315,3896246.2894815905,3968516.297251233,5741564.902994461,8418181.550924184,3285003.7692150283,4119566.829155165,6621569.32732598,2015864.5669131267,824465.3607527817,999760.2834945505,1598874.844757006,9173748.697044138,5043755.268062695,6548375.073021841,7728250.996900633,864431.1235394265,789606.6143092997,807062.0004361288,838242.5453088821,682003.1136724151,299354.900851876,327999.21161101473,548076.2391852264,4964538.267546339,2520391.9766686833,3352463.318514006,4109087.0657391595,2723498.9939224035,2882879.9841782073,3036464.0656401496,2779282.340511935,29198644.780003514,15848977.706432048,19399661.858032454,24526261.3042535,-22463446.7774252,-11952731.416950455,-15431145.560781222,-18784696.40125904,-234549374.24805912,-133187571.4235296,-171385464.21240142,-199072743.25947377,75.26033333333334,30.379666666666665,37.4545,59.5521,92.61866666666667,37.77433333333333,46.406,73.42315,18.872333333333334,11.269,13.828,16.211166666666667,5.0873773142594745,4.612820521201507,4.851681314449408,4.921282436689186,0.5787688338282312,0.5933706112732845,0.5877751058951792,0.5838794559339998,0.1902146420534388,0.17455001050972677,0.18177625190586952,0.1847320210131396,0.0624669067008545,0.06634628525048833,0.06557346910681239,0.06382468919322634,32.53171348139896,35.90962720188632,34.009005049859574,33.71398328356953,264.6554102931071,207.33850959189027,235.79614171461543,244.59449504768122
19,2628.0941103800974,1353.0681700657292,1447.8027756586177,2181.8350312700686,7714378.789695897,4391276.882999269,4451670.152988762,6551293.122352077,9383442.73079032,3578592.8731273594,4477563.282555271,7351745.280608284,2222178.0567922047,890309.3539725062,1074801.1027477821,1756024.0108053102,9950729.556154571,5382498.925318878,6992783.596976549,8351848.835362079,995437.2381810559,903486.9266888287,913034.6217379959,963254.6291587764,772205.7089115047,334616.1600375575,359347.3061242738,619049.3668056232,5214681.806496489,2618434.133013167,3482792.4944829615,4305995.120777327,3648102.6927341386,3445792.131479851,3268555.838141138,3577293.996295138,32594984.651553743,17383077.448346436,20802243.977673173,27270817.130431186,-24880605.861857843,-12991800.565347169,-16350573.82468441,-20719524.008079108,-259429980.10991696,-146179371.98887676,-187736038.03708583,-219792267.2675529,83.01633333333334,32.843,40.362,65.45566666666667,102.065,40.75866666666667,49.941,80.60778333333334,20.22533333333333,11.887666666666666,14.5975,17.30715,4.941620022477118,4.474697096925221,4.709886080520492,4.778196998533954,0.5851703345703221,0.599497070880513,0.5938193746535444,0.5901846922788889,0.18448406925612698,0.1687719193903762,0.17595682977203161,0.1789848168031142,0.061549965195143885,0.06480287300341724,0.06396941152584314,0.06268848292803955,32.77835674401825,36.31214146433544,34.33073103871354,34.015181396129265,257.0636908687146,201.12870403420777,228.90098392709126,237.48644547663721
20,2984.0866137502126,1514.2218263313116,1613.4246543904558,2469.6339381535972,8813550.449066725,4956613.511001827,5003001.277861654,7463622.520744011,10451908.151780851,3909347.7641453897,4874921.191826734,8162012.016108439,2445478.09515251,962213.5208491958,1156845.6004328625,1926335.4941463498,10776283.503640767,5770403.787953081,7521098.9636861,9024225.603150077,1121971.4950179555,1029980.6179457717,1048350.244734262,1089774.6880426912,878094.325705747,377102.44767546235,405659.764799312,702747.1683951473,5474705.984094628,2723231.6910513057,3622527.5839197584,4511689.981529466,3536477.055789039,3694579.0376260527,3801272.739520092,3591812.749431994,35151296.736273125,18725714.43126091,22692982.83848068,29402342.92951885,-26337746.287206396,-13769100.920259085,-17689981.56061903,-21938720.408774838,-285767726.3971234,-159948472.90913585,-205426019.59770486,-241730987.67632776,91.51066666666667,35.584666666666664,43.5655,71.93656666666666,112.386,44.08566666666667,53.8255,88.48088333333334,21.651333333333334,12.595666666666666,15.5265,18.48185,4.804576808062598,4.345876868761429,4.575177166069646,4.644031829307189,0.5912357172729138,0.6051740571953965,0.5998462156378241,0.5961141362457828,0.17895363307496662,0.16320738256442924,0.17035035114069752,0.17344244539627854,0.06039272617798496,0.06400825089077544,0.062338086285199566,0.06165815982746163,32.99616308831402,36.799826318152014,34.686647113788496,34.32744521875732,249.92507059779956,195.3360429117578,222.3622943373905,230.81891090768494
21,3382.9223093827154,1689.9103385750577,1791.6398943271881,2790.3681196000352,10051309.269286023,5569158.575689886,5594353.643208061,8482556.526527375,11631344.94694545,4260702.843130939,5299622.921433887,9051620.210610371,2685613.312306378,1037148.2936902476,1240652.9687150428,2108650.555790732,11648972.644567281,6151043.250292124,8036059.282349821,9724697.356570978,1253051.247092901,1138095.424347936,1169714.7961231067,1212816.7091321633,998725.4459426311,419463.1877474522,446293.94846807537,795983.6555743185,5743247.876711396,2828484.8393862825,3761286.99555971,4723080.813647606,3397943.400502455,3290625.8869575323,3345600.490697034,3360382.270761732,37890618.16981818,19416469.15337936,23592473.836309943,31424666.014064588,-27839308.900532156,-13847310.577689473,-17998120.193101883,-22942109.487537216,-313607035.29765546,-173795783.48682532,-223424139.79080677,-264673097.1638649,100.69633333333333,38.468666666666664,46.9395,78.91665,123.58,47.578,57.9205,96.9793,23.128666666666668,13.268666666666666,16.398,19.677666666666667,4.674436934346172,4.226621459125665,4.450233168999528,4.5177015180189946,0.5972203438174692,0.6102653549769672,0.6052861985944132,0.6017860977232936,0.17359914966341103,0.15782859865592483,0.16493789570700265,0.16807945681079084,0.059560118553681735,0.06264880763119034,0.061656914571474215,0.060641159730809746,33.210170948311976,37.19005124042582,34.988999723332086,34.60312905055182,243.15304497319514,189.9709563081554,216.2777763033072,224.53931394043124
22,3825.1143513810566,1886.7605852660859,1986.4710081141493,3146.690533240817,11419544.575619543,6250855.142150736,6244356.010424351,9610503.27390546,12924825.589237455,4652854.995943279,5751059.628550487,10029635.881584495,2944136.17786547,1118495.5761676044,1328642.853051014,2305161.967271217,12522661.900189001,6548936.7619751915,8586184.241443,10431858.101814168,1353155.647721239,1231902.628907206,1279728.9980636316,1310717.0911363275,1139072.3809620584,474033.0193542062,496067.2779258814,906308.6043993102,6017213.762553801,2936267.460470374,3902840.7184487963,4938882.556824602,2740680.5436384054,2768492.7442474375,3100746.957233611,2750414.8138515665,40245968.51544442,20057423.07379313,24772573.52957436,33179977.61086647,-28826423.939824868,-13806567.931642395,-18528217.519150008,-23569474.336961,-342433459.2374804,-187602351.4184677,-241952357.30995676,-288242571.50082594,110.65433333333333,41.64533333333333,50.4915,86.50118333333333,135.693,51.429,62.212,106.20060000000001,24.57133333333333,13.957333333333333,17.3205,20.85643333333333,4.550372978686539,4.111583833885915,4.329265883399752,4.396796778006321,0.6032433134092224,0.6156457545726348,0.6111164472871836,0.6075841678164168,0.16839644194895811,0.1526157887668327,0.15969905867443435,0.16287321333521423,0.05877802767441402,0.061893320187727606,0.06063164269523783,0.05986838005407377,33.39016715939451,37.53022732496363,35.291443336802814,34.839188217343704,236.68899703218784,184.79273470746904,210.3790452462539,218.5253052185363
23,4302.765993961875,2095.721386000884,2196.483424132265,3530.3003811755284,12903058.47992244,6979895.456721589,6941601.943670021,10829951.421802143,14297894.730655909,5058513.18342496,6236586.003546717,11064111.189125076,3210223.4930122998,1198920.8470746125,1417987.902103472,2506267.566934109,13450764.554442937,6928829.077654821,9119359.201401724,11168087.137567097,1453250.8731407102,1312201.6088642834,1366268.0356835283,1403883.6306439608,1252249.3683301022,523876.6859171529,549993.0986286653,997318.9294855699,6296246.735823476,3044952.842063895,4045838.544877056,5158293.873007623,2617663.6232354003,2276768.084360297,2393230.246986316,2498350.1846291143,43260837.79936889,20708516.38928498,25492974.48089746,35367525.30583952,-30357779.319446452,-13728620.93256339,-18551372.53722744,-24537573.884037383,-372791238.55692685,-201330972.35103112,-260503729.8471842,-312780145.3848633,121.00566666666667,44.894,54.229,94.36658333333332,148.281,55.35,66.7475,115.75515000000001,26.082333333333334,14.592,18.177,22.060716666666668,4.431884293248355,4.00049449775913,4.215345878700959,4.280897864827126,0.60931370364213,0.6213774319986181,0.6166614127610571,0.6135360085669008,0.16331763873150676,0.14755660200274995,0.15459443555922048,0.15780127587644188,0.05760169269191283,0.0607405569610241,0.05973827894360835,0.05870029518610177,33.5526528821837,37.852583346563705,35.55483944951132,35.05762854471671,230.52056659685488,179.8049149741685,204.83343001364494,212.77008852891464
24,4846.321139055025,2320.803534542645,2425.9169223021513,3962.389977475692,14597751.797766596,7766658.624133329,7708248.839953869,12206869.186994953,15856604.275805451,5492687.724373077,6758039.9450787855,12229233.48280412,3501305.933073495,1282584.2318848614,1513245.313620297,2724753.3376574735,14417560.357765075,7314946.154112485,9646541.988133684,11931645.386486668,1540238.5297982495,1383430.9757505006,1437580.5177097637,1485355.8858815373,1426033.6177090215,569327.628355691,608360.1123806868,1126186.5214353558,6589202.734412391,3153337.5674778735,4194771.669216556,5386649.925985309,2227418.019193483,1730558.988391997,2117091.782087301,2053517.3584129629,46330459.60423523,21332438.759475574,26679352.50040657,37581152.30856935,-31732707.806468643,-13565780.135342244,-18971103.660452697,-25374283.121574406,-404523946.3633955,-214896752.48637336,-279474833.5076369,-338154428.5064378,132.601,48.297,58.221,103.0946,162.404,59.466,71.561,126.3757,27.625666666666667,15.226666666666667,19.003,23.28601666666667,4.318456902493028,3.894680435250641,4.105727162401091,4.170135138958193,0.6154358791606447,0.6271510865067224,0.6224648662984026,0.6195362017317718,0.1583434812274842,0.14261739201044502,0.14959199174755458,0.1528393500015205,0.05667430323069448,0.05968592053949581,0.057992746011721545,0.05772836928877495,33.72084069887474,38.12519551585347,35.79428775286216,35.262364884817295,224.610611540908,175.0355863196078,199.50347311232602,207.25935271345293
25,5436.4916556394555,2568.2293238357024,2684.4971327953385,4432.599839508142,16443686.772094093,8632875.373999408,8567266.787286099,13709902.782760954,17530289.548452727,5963837.989791801,7347816.597819728,13482031.502921404,3803365.288620472,1370327.7848418134,1615295.8312577377,2951802.1622979417,15367874.398159277,7695790.785262978,10188997.94230354,12682645.133645572,1606361.2987637068,1443962.5799169915,1499807.110660668,1549521.7471673563,1585747.039003529,642783.4516445032,689508.7036773531,1255709.78342787,6886574.443627322,3265245.655436806,4348693.416374957,5619109.3677606415,1612069.1503079892,1602899.6453695819,1667559.646646423,1608859.8235795465,49262076.447202966,22435615.875104252,27806351.545435913,39872815.24696842,-32818389.675108872,-13802740.501104843,-19239084.758149818,-26162912.46420746,-437342336.0385044,-228699492.9874782,-298713918.26578677,-364317340.97064525,144.85666666666665,51.934333333333335,62.6175,112.33384999999998,177.309,63.87433333333333,76.9105,137.60686666666666,29.098,15.833,19.837,24.45525,4.210899061945211,3.7923915016657017,4.001174220399776,4.064421415847383,0.6213761020454628,0.6331993290525515,0.628271641547191,0.6255142314979438,0.15343800494428486,0.1377897906554361,0.1447111154712691,0.1479611299431878,0.05548946948642029,0.05869863743592834,0.05748741316609286,0.05661267826874811,33.86855455140781,38.39830849750693,35.998459728266454,35.4539684325425,219.00660802384093,170.42533614546733,194.4192886585512,202.00316286641018
26,6082.540334028295,2838.4664031432385,2954.4095889428913,4947.114458218525,18469972.533671405,9576753.474619824,9465853.677987527,15357345.863003353,19347217.87800175,6467046.616933413,7941289.461321959,14839157.936627831,4115974.116606641,1461406.8145547821,1714955.8089971805,3186875.5608884906,16343545.17326219,8076438.887176753,10713025.926055586,13450057.973132288,1668986.6491724872,1494040.2478859136,1549850.5847078685,1607755.4087221865,1767535.9330496804,707203.012086955,736664.6911111372,1396419.4107127264,7193388.508165921,3379601.002069786,4500093.564717468,5858562.881032274,1234020.8120590353,1321013.4130725493,1207793.5786647792,1264468.2224137653,52647545.92668127,23406964.949416377,28859375.071739405,42413342.58463856,-34177573.393009864,-13830211.474796554,-19393521.393751882,-27055996.721635208,-471519909.43151426,-242529704.46227473,-318107439.65953857,-391373337.6922804,157.95033333333333,55.77166666666667,67.011,122.1878,193.23233333333334,68.51666666666667,82.21,149.58185,30.578333333333333,16.421666666666667,20.6135,25.6235,4.10855509537049,3.694594372266357,3.899828997953021,3.9636688422840436,0.6272231324899822,0.6393006137413386,0.6343987932995434,0.6314502509279569,0.14860273834775123,0.13304991942761474,0.13989633478323543,0.14315925172570346,0.05486876493533559,0.05748522001594778,0.0564688091492914,0.05578452421354985,34.008174834178696,38.63419716190278,36.17246002072584,35.62728264888213,213.67716963649653,166.02103689355377,189.4860432330261,196.99752317646656
27,6786.612496067723,3122.076678240881,3246.72679293303,5504.024959828328,20689022.8515603,10575661.392772412,10438504.698096046,17149346.34098454,21300226.371444676,6989469.43911684,8591748.409255514,16291461.445129933,4440730.174788037,1550875.4901713221,1816139.7655322785,3429281.035172187,17353948.8792653,8467711.099914541,11260311.495333716,14243765.656492535,1735053.810582922,1548284.0545333286,1597382.5109094053,1669684.3959655645,1959055.6481582138,760252.5060067091,814007.6670312118,1539474.5484051872,7503238.516540189,3493088.038456069,4654422.553245781,6099685.849210747,1370712.3123045787,1026548.8118642673,1252843.8486672845,1250255.0871504697,56757009.599885285,24388748.342545044,30533677.13378159,45428118.159816206,-36067986.74832499,-13813086.949772634,-20095172.43568554,-28278771.818831667,-507587896.1798392,-256342791.41204742,-338202612.09522414,-419652109.5111121,171.738,59.665,71.6695,132.51245,210.0,73.228,87.8755,162.1298,32.076,17.017333333333333,21.4215,26.805466666666668,4.010678968263412,3.600727842051391,3.8037020498173644,3.867196074089205,0.6331203116267942,0.6455147842967935,0.6403640953328269,0.6374583770612939,0.1438297017680238,0.12838866264525828,0.13517038227709913,0.13842533807505586,0.05373719522455466,0.056843111791116126,0.055926582517045596,0.054824266022851176,34.142850766037434,38.86179955981532,36.34150557846449,35.7944828438597,208.58121100236195,161.78162251399482,184.80286039682693,192.20135503143345
28,7546.77351572281,3427.310870122408,3559.3686579561595,6104.96158976267,23097090.579897035,11655192.791809933,11490035.999819882,19092426.35406655,23400048.00339837,7553050.804353829,9273297.591936,17853598.983732782,4770531.647411757,1641357.7737396557,1917855.1561731123,3675320.791626522,18421878.129980616,8871385.897971073,11833439.205708886,15079205.848777276,1816044.6703366458,1602980.0061488447,1650524.8473190183,1741472.0378709156,2168468.8568507354,829466.6658519713,886708.0158917482,1699818.090001168,7818263.358722342,3608401.76697828,4812427.942478315,6344811.801611921,1345395.7398553928,1073822.8046977208,960741.7074838001,1250345.2125502075,60961921.85047984,25789274.07007064,31936881.259424437,48651495.12733662,-37864831.2705828,-14134081.278260704,-20446845.259604562,-29559068.773270067,-545452727.450422,-270476872.6903081,-358649457.35482866,-449211178.28438216,186.352,63.809333333333335,76.5505,143.4620666666667,227.77233333333334,78.245,93.769,175.43776666666668,33.63966666666666,17.622333333333334,22.2465,28.0336,3.9179105963829364,3.5115152248057107,3.7113281210747138,3.775672216330907,0.6387929021541333,0.6516400989625364,0.6464292060308826,0.6432894210370744,0.139120038433292,0.1237920219791153,0.1304862231125345,0.13375523267433015,0.053258836934728646,0.05585290320721456,0.05508153011671289,0.05416676013009872,34.281439395150244,39.075428431934334,36.51294552117267,35.95933555802468,203.74943182789508,157.76649441679064,180.31045205066235,187.65540373400853
29,8365.242589382357,3755.6673333680246,3894.68661460478,6751.891249777341,25702350.575147808,12817525.857518205,12626410.556449898,21192661.92397745,25663553.386083126,8141373.765358299,10002838.146768782,19530790.51882944,5102044.34846548,1730787.9318051625,2018470.4971211748,3922104.602634369,19537551.9078255,9286061.97349257,12423181.637113389,15949530.430808976,1904374.3586422163,1651310.0695686494,1719553.8511773366,1815801.8574664677,2391079.8125638734,909040.1571397324,966751.8153668528,1872365.933165424,8138686.905881895,3725240.5312310765,4972749.487550404,6593980.674754108,1241276.2964512021,853809.9464824508,1263270.4419947937,1105663.0739621392,65337678.98864593,26967089.661371008,34028172.61423676,51907972.72409971,-39635328.413498126,-14149563.8038528,-21401762.057786856,-30715310.80012226,-585088055.8639202,-284626436.4941609,-380051219.4126156,-479926489.0845045,201.702,68.065,81.6435,154.92905000000002,246.47266666666667,83.39466666666667,99.948,189.39536666666666,35.257333333333335,18.231,23.089,29.298116666666672,3.82964197462401,3.4257656432518986,3.62414757700379,3.688285258643771,0.6443717260752182,0.6578226091507211,0.6522088615853939,0.6490795351516442,0.13445253400195556,0.11924891147554209,0.12584425229651647,0.12913126611771086,0.05292867581888843,0.0551289619174066,0.054081510406026545,0.05369877595336979,34.42173633383372,39.271406089746876,36.68072018090773,36.119120748403326,199.1497652786101,153.89525206521225,176.05600879021893,183.31068565392087
30,9258.567335712018,4110.347040829962,4254.794606254839,7456.690232503299,28564707.788213674,14081815.627409225,13850476.595229102,23495695.531932116,28123385.81663923,8785349.378131432,10782852.12663103,21355073.063161504,5446925.325756883,1820743.9027887585,2121026.877838544,4177761.8277180395,20704622.479273126,9723542.23753076,13048931.104732318,16861244.394663297,1994881.303570991,1709666.7365165995,1809072.2367196116,1895056.2051019538,2652204.582247692,996424.9409073108,1050684.3052363938,2072681.7077785586,8464408.168068077,3844625.2238904038,5138343.887655121,6847484.1376058925,1589297.480057477,1178616.873993248,1289685.9260088273,1445559.2679349969,70486082.09928727,28794699.782971527,35966124.02796411,55894098.28857676,-41921374.3110736,-14712884.155562302,-22115647.432735007,-32398402.756644644,-627009430.1749939,-299339320.6497232,-402166866.84535056,-512324891.84114915,218.16233333333332,72.66033333333333,87.011,167.23663333333334,266.4886666666667,88.956,106.444,204.35223333333337,36.91766666666667,18.87,23.9695,30.60098333333334,3.7464270729755995,3.344251468041679,3.5409702327553796,3.6056656112487273,0.6496747158252142,0.6638820077089991,0.6579386157839937,0.6546472679845389,0.12980816784691546,0.11473385173063988,0.12123864065400691,0.124532157206219,0.05196834966629583,0.054439092849234406,0.05353607503137672,0.05283310978032433,34.560241897680285,39.46399248575034,36.843571899869275,36.276554603504806,194.81817587502712,150.214089246944,172.00843700252622,179.20674555519804
31,10226.777009815061,4486.047225427255,4641.148442365842,8217.52158527933,31683768.732100714,15434031.141685206,15175997.104553971,25996360.575455286,30779252.60161088,9461781.677641897,11623483.04633838,23318137.778221738,5794988.462874131,1907421.7581961302,2222335.1740380083,4434340.116236831,21988779.609512188,10182637.494705634,13719173.864029046,17856629.869329892,2110412.797115216,1780735.4690436483,1903333.6305089765,1995025.7322901674,2906171.9616560014,1081312.0796822598,1144320.6572060122,2267471.002965192,8799099.72239947,3965324.3436845117,5305447.042229906,7107278.339849234,2145214.747600275,1862277.6924565786,1777684.4784854809,2046186.7782999813,76199051.42863433,31047799.620203704,38490777.62147574,60396113.29568361,-44515282.69653361,-15613768.478518499,-23314780.516921777,-34399752.72022832,-671524712.8715274,-314953089.1282417,-425481647.3622723,-546724644.5613775,235.59833333333333,77.38566666666667,92.6805,180.2239,287.7076666666667,94.682,113.3285,220.14868333333334,38.744,19.533666666666665,24.9025,32.020383333333335,3.6667925728992063,3.267266503920186,3.461509799939195,3.5269584487565493,0.6549273989193627,0.669696312729808,0.6636285877292027,0.6600965187530186,0.1251796602076932,0.11024199608573891,0.11666818358525745,0.1199514777650092,0.051253553661710916,0.05389726298206814,0.052532453248087904,0.052178851923835944,34.70707257499322,39.67144987533738,37.02408700022273,36.44460463011367,190.67054538816313,146.74556416775528,168.1398592544544,175.29680196102038
32,11249.333190022337,4882.760142935296,5051.323385130587,9021.032623541872,35001950.43248574,16874349.47528653,16594409.031655982,28657290.097466014,33577156.20269297,10174201.429246152,12510891.375422953,25386122.031986587,6133193.891638759,1990379.3074026685,2317493.521546778,4683208.787156127,23331466.533060964,10698665.93658415,14430443.92127852,18909986.32429408,2241121.8371046195,1883449.8636302801,2009664.2433683465,2115936.6463886006,3128615.561390161,1150631.6719776534,1235545.7459203398,2436321.2000957835,9134549.58948944,4087263.4791597556,5474301.359482002,7367999.450874051,2763022.477585977,2464932.0118934712,2647723.974786248,2658690.8145936,82159685.79930052,33331190.44215811,41495298.858875416,65069712.42430068,-47157735.36681478,-16456840.966871588,-24900889.82721944,-36412422.326834664,-718682448.2383422,-331409930.0951133,-450382537.1894918,-583137066.8882121,253.57166666666666,82.284,98.577,193.62098333333333,309.56966666666665,100.604,120.48,236.43168333333332,40.625,20.283666666666665,25.9045,33.50553333333333,3.591022745322024,3.1938231625610447,3.387216432409449,3.452002891355681,0.6600538555723604,0.6754394093295911,0.6688597043291642,0.6654387993873911,0.12055211072434174,0.1057883590163959,0.1121246065752135,0.1153847976265607,0.05032845572286528,0.05275767326487563,0.052038638527434615,0.05117868186256891,34.856504625108414,39.898964729100335,37.21559061831278,36.621365661505585,186.7218561009972,143.43792455995555,164.52826308567745,171.57248006163263
33,12337.20289835536,5296.475854273295,5484.795861064378,9872.948432926636,38550436.70562801,18390635.534489434,18105920.308951307,31494506.295729507,36533185.12364523,10913857.329108566,13437696.659629881,27566420.3955574,6459094.103807077,2067497.6024745617,2411094.7867319183,4922035.328340697,24792097.423547857,11264807.575803217,15207113.187406957,20057545.976837233,2374020.9118981427,1994290.20268944,2131787.6563489325,2241115.163675097,3433132.292882397,1236294.6140173753,1334371.4414241794,2664239.1052796394,9472355.254333066,4208163.211380463,5644457.472593566,7629888.039299656,3160625.1393381176,2860259.295587397,3133104.3020507023,3055497.0940253655,88262777.97325219,35506083.869428925,44247725.92377258,69797935.03691405,-49712341.267624184,-17115448.334939495,-26141805.614821278,-38303428.74118455,-768394789.5059664,-348525378.4300528,-476524342.80431306,-621440495.6293967,272.16066666666666,87.28033333333333,104.6235,207.45255,332.18266666666665,106.64066666666666,127.81,253.24296666666666,42.65,21.104333333333333,26.971,35.10901666666667,3.5189027651925304,3.1253882561476654,3.3157985015215736,3.3811726870268277,0.6650500398684052,0.68069761739006,0.6741823650837194,0.6705266920009844,0.11594420644174164,0.10138961861118742,0.10762891700149071,0.11085010070104766,0.05018352955326416,0.052244298161127335,0.05135017104318438,0.05090479856601628,35.00373129316194,40.1375495529685,37.41831703491174,36.80056768409423,182.9682034558394,140.34880939004086,161.04392534335068,168.0514155328099
34,13500.73975774044,5742.761799108264,5942.6486399810165,10785.44747221918,42386286.79927385,20044642.130973462,19712899.78168425,34566711.16536871,39708938.17738655,11715354.068476904,14420801.983428003,29911183.739268176,6787559.8561717775,2143617.69726165,2502416.9744751113,5162180.100553232,26457328.877607156,11847428.419259593,16044148.170300104,21343863.71718551,2554059.111527299,2116896.9912886773,2255674.143245609,2401052.3694437817,3726719.7651801114,1348334.9659141516,1430064.6695099836,2894285.0854370254,9817091.648794223,4334055.567783742,5816671.179204113,7898029.020440555,4578586.626974225,3693543.773080092,3944947.1059006853,4268821.628111279,95871348.03944857,38246638.72478065,47446981.407628834,75702699.7793148,-53485061.2401747,-18201996.593807194,-27734081.625944585,-41135988.61394607,-821879850.746141,-366727375.0238599,-504258424.4302576,-662576484.2433426,291.6936666666667,92.59966666666666,110.992,222.01076666666668,355.97066666666666,113.084,135.4935,270.9603333333333,44.97833333333333,21.942,28.1195,36.915616666666665,3.449878155606469,3.0598572757834974,3.2491575034145344,3.3133708476684287,0.6699805218132315,0.6859018592642981,0.679046758245602,0.6755529899211048,0.11138153470980666,0.09706338329332168,0.10319538503748112,0.10637018171403692,0.049507457330371284,0.05154780440352141,0.050694814282032985,0.05022157880597383,35.17135881777088,40.41877134475436,37.63467659495265,37.0079532022151,179.37939985426485,137.40645951237389,157.8016432971931,164.68887073460303
35,14734.13200741499,6217.753242999849,6430.172430432432,11753.399439869692,46472676.16501333,21809029.635281477,21443955.482212488,37840399.87960718,43049560.010680966,12565905.748566518,15462842.398490729,32380281.01894091,7104750.084686106,2218981.7960896986,2590231.6818854017,5394731.183677363,28157224.493424073,12495270.085550746,17012250.800378907,22675540.45066841,2732740.258281509,2235192.832732683,2441610.3414337444,2558598.6593394196,4045801.8749094987,1451452.922590657,1540745.7162912842,3137779.7415979044,10162527.488712758,4461474.212987667,5992742.683058096,8167158.842208976,4490169.505254711,3928722.901440187,5441016.579276253,4293663.193919628,102200379.8070172,40496536.196906656,51603864.31210707,80604034.54347852,-55727703.64200388,-18687506.561625175,-30159908.82989458,-42763634.66387133,-877607554.3881449,-385414881.58548516,-534418333.2601522,-705340118.907214,311.908,98.179,117.582,237.10285000000002,380.5536666666667,119.82666666666667,143.473,289.29921666666667,47.291,22.871666666666666,29.4755,38.744233333333334,3.385015744074888,2.9987087356603213,3.185435580716493,3.24980829112979,0.674615186806105,0.6907161294496509,0.6838675865685623,0.6802505167313461,0.10687568666317014,0.09283659423702866,0.09883523000193631,0.10196200431402061,0.04930477141123197,0.05109197964225609,0.050283603777564266,0.04993029429209041,35.336714037747235,40.67338720368903,37.869714625161826,37.20454964582686,175.99680032571104,134.65989709235032,154.70239939410536,161.5288841940348
36,16012.636825999733,6717.099224925503,6945.5715928678665,12759.198665623753,50743163.297035635,23685246.210669678,23281292.505208775,41272892.31680755,46519123.301555276,13455837.20204778,16574587.665828446,34946973.166727655,7395987.455600502,2288660.5019127126,2672163.0893403776,5608423.021809775,30000251.404019337,13189632.68708034,18031078.528986,24116534.85309069,2923444.572992822,2379508.72046814,2604457.3225994087,2733067.0246091834,4327457.9597978005,1561809.919323113,1668415.9837415004,3359481.14563166,10505756.575493444,4588984.180132781,6171861.07585567,8434886.237117212,5307547.674494966,4474795.409394031,5560737.854280147,5016084.381709639,109663071.9360742,43176526.54182775,54501385.198491834,86392781.04808794,-58919908.639038555,-19491280.33115807,-31220092.69328306,-45119888.73128039,-936527463.0271837,-404906161.9166432,-565638425.9534353,-750460007.6384945,332.3573333333333,103.86166666666666,124.4525,252.38385,405.42566666666664,126.706,151.8225,307.87378333333334,49.772,23.861333333333334,30.881,40.703266666666664,3.323166913729828,2.938613541335678,3.125902037034501,3.1885732333918755,0.6791427696144897,0.6958606058111328,0.6882703053223079,0.6849940122833148,0.10244352570566907,0.08871231505607909,0.09457326728891054,0.09763760197831257,0.048750238296831054,0.050621870150850214,0.04956985797902411,0.04940530944573776,35.50896781334169,40.96499307588193,38.093675661522575,37.41857665523077,172.77367618295582,131.95305086562706,151.811049073395,158.48645732189075
37,17366.315297543973,7231.542892236283,7488.73326191065,13819.144955686283,55292413.25169629,25637122.534101985,25235337.96444346,44913061.50053828,50229542.36489351,14371631.349278463,17748728.834772237,37679273.50942824,7683590.27991198,2350259.9299220867,2750437.014934224,5816924.657415518,31831558.616297558,13943374.182561291,19088161.412937507,25570694.064489864,3091246.418387001,2541654.8067882354,2774290.651354407,2898889.3543274333,4656914.897008649,1649000.6788059673,1790348.3531270337,3604144.9206377105,10850822.918049239,4716355.565247326,6351887.0809601275,8703759.34456857,5238103.998519681,4772076.009034836,4975843.632857186,5074994.202199985,116505376.34209208,45683931.59051848,56800061.6495124,91717870.67904133,-61212963.090395816,-20046809.056416493,-31564723.685068954,-46804809.17850305,-997740426.1175792,-424952970.9730597,-597203149.6385043,-797264816.8169974,353.85366666666664,109.63,131.593,268.3753833333333,431.56966666666665,133.682,160.477,327.30898333333334,52.185,24.936666666666667,32.3025,42.64808333333333,3.264683871236483,2.8829752833013367,3.068198047981779,3.131085865459182,0.6834085403149586,0.7004796290155479,0.6928365360737332,0.6893834213601648,0.09811453121398485,0.08468894298027807,0.09038383102502402,0.09341557533218747,0.04782255091076435,0.04972366078453573,0.04908078390203873,0.04848793936658433,35.68153019563896,41.26144013123483,38.31997329922419,37.63449867309751,169.73375258980536,129.44152257308312,149.00802184445206,155.6314720839526
38,18757.98773346714,7762.449217216541,8052.100984014766,14909.54925277943,60010210.02930635,27663068.88648628,27272151.461162828,48688710.629319325,54041710.580484495,15307029.627876714,18970388.3565027,40484572.24707177,7939872.762135775,2402740.1718147197,2819156.810266027,6001876.355523406,33691430.13256277,14645903.465962196,20115643.015689522,27025495.79925257,3267922.435501165,2671843.712504917,2921075.774840697,3059294.8824524786,4968593.132178159,1758078.7784845943,1898171.0071044134,3844913.1083854116,11191737.09457019,4842151.242593276,6532894.435395996,8969382.04637827,5643121.761486381,4915559.554760463,5084766.725012938,5388474.989132309,123917586.06294107,47988962.11044553,59769092.74069876,97342567.67956764,-63907376.03363472,-20325893.22395924,-32496941.279535934,-48653857.05024831,-1061647802.151214,-445278864.197019,-629700090.9180402,-845918673.8672457,375.2556666666667,115.37766666666667,138.883,284.29836666666665,457.61266666666666,140.62633333333332,169.299,346.66745000000003,54.586666666666666,25.885666666666665,33.643,44.54131666666666,3.2081904677411646,2.830497065460746,3.0140336883891763,3.075997776943018,0.6877356802257708,0.704843596369862,0.697081989975385,0.6937234508762027,0.09388485562362439,0.08078807078724776,0.08630114867083137,0.08930098093089257,0.047900966674222105,0.049570638579659314,0.048792709234332904,0.048485351841125124,35.855371496607425,41.5224916491935,38.53055781882151,37.83886355001255,166.7915022303569,127.07964039193959,146.37871729398904,152.89235058691085
39,20202.128470475745,8331.253923813376,8630.197898276865,16047.322379143916,64939864.26745825,29842825.978671912,29387075.848248046,52655900.86638303,58018179.778128125,16332642.345957581,20210475.18878672,43428241.67686844,8171444.637886026,2452861.577023546,2878034.4597387942,6169940.566584159,35603592.18304887,15355659.32269958,21180173.425394952,28516815.681926616,3428375.123399179,2807534.7224413846,3074307.398075617,3211080.983063951,5286667.993210673,1898524.2880802068,2008631.332914514,4100817.6964150104,11530657.99536167,4970228.820630664,6712105.855724724,9234507.784205819,5140867.26869918,4484651.57245371,4980791.552925229,4911191.775013266,130614162.54419239,49862118.64028697,62581929.27667555,102350947.1778255,-65674298.27673415,-20019292.66161505,-33194853.428427506,-49695046.31144247,-1127322100.4279482,-465298156.85863405,-662894944.3464676,-895613720.1786883,397.049,121.53566666666667,146.1165,300.6193333333333,484.13,148.099,178.0515,366.51915,56.983333333333334,26.831333333333333,34.9945,46.43013333333333,3.1542142035422476,2.7800166381787883,2.9603055745070774,3.023245055665037,0.6919919380258055,0.7092189996274707,0.701688200836313,0.6980214095863884,0.08974811072332707,0.07700312289038537,0.08233269357777738,0.08528736498179748,0.0471521049132974,0.04878068952810128,0.04820609348940067,0.04772210952847876,36.02921222216146,41.79716712090205,38.75053159797197,38.047996436720666,163.98165361474446,124.80898959956546,143.76385238395142,150.27122120943181
40,21701.43289224443,8900.591798507165,9213.844102066389,17221.138509436387,70104963.72661364,32052513.351572346,31550752.840371832,56786606.09534919,62178716.23067308,17346220.85459889,21466155.041622527,46487342.84904711,8376236.456018984,2492273.5379388533,2927769.2071281606,6316849.434690938,37563275.69455169,16069620.373978617,22228450.72176182,30040496.332351115,3595174.212830949,2924599.0154465623,3198961.3433667403,3360472.8937464138,5607246.402857266,1978766.3948717455,2096190.1294643509,4337278.400062334,11869187.410348862,5093701.537628575,6886161.411262938,9497767.354896761,4917359.813588367,4202165.266896926,4416174.496060874,4667041.722246362,137814327.35458595,51783207.66661145,64870210.81396371,107703435.46379487,-67709363.62797228,-19730694.31503911,-33319457.973591875,-50916829.36844567,-1195031464.0559204,-485028851.17367303,-696214402.3200595,-946530549.5471338,419.34566666666666,127.544,153.208,317.2150833333333,511.24766666666665,155.353,186.6525,386.6845333333334,59.39066666666667,27.750333333333334,36.3025,48.31655000000001,3.1033279382563226,2.7321748766581586,2.9092775990050312,2.9734243666969653,0.6959783209786264,0.7134600906624528,0.7061152177864951,0.7020969403679657,0.08572385449275752,0.07333808284826457,0.07846895787070432,0.08138883441718499,0.0468773205455939,0.04860932792800534,0.04762904069969443,0.047483523129437905,36.20962815451627,42.05722829315018,38.9581153094275,38.25628820303814,161.33420461853305,122.66061898121667,141.2866613673383,147.79844964547232
41,23230.79400444381,9497.826669067137,9834.793732576176,18424.255437061976,75420430.95042895,34388981.34287146,33860207.47045089,61059423.58778383,66451624.226517476,18416127.54052751,22793317.052808367,49639200.386420995,8553523.894759554,2526632.5124855535,2974640.151099394,6444111.910963654,39503023.092651285,16822227.496353675,23303598.23561828,31564744.633947123,3735409.8722935524,3055239.92666457,3317813.326259575,3497350.3913234086,5924842.045429627,2110182.485721791,2228239.506391093,4589711.199531885,12204245.478975222,5217655.020627686,7062415.192739192,9758938.818553584,4441543.610905051,4116568.3394213486,4022487.376870445,4327802.265885755,144802771.79400653,54063373.748897664,67473787.27637489,113043982.47821842,-69382340.84357758,-19674392.4060262,-33613579.80592399,-51984558.89043459,-1264413804.899498,-504703243.5796994,-729827982.1259836,-998515108.4375684,441.6736666666667,133.723,160.5675,333.89093333333335,538.4023333333333,162.82333333333332,195.571,406.9496833333333,61.714333333333336,28.717333333333332,37.5935,50.16538333333333,3.0549728865704178,2.6856906220260828,2.8601266193898724,2.9257240939799005,0.6998101969681393,0.7177689514416161,0.7105733814476348,0.7060957610338562,0.08182336514375473,0.06979478815624439,0.07473673023093948,0.07761336319812612,0.046501542967967414,0.04792634198539147,0.04704694883760777,0.047000222624065835,36.39189004527357,42.31413841259711,39.16897526651398,38.46467697383681,158.8162879232878,120.567042568287,138.8898094846937,145.42905204903752
42,24802.611004494996,10096.723464137902,10475.204195120501,19655.550365370014,80923517.43690242,36766049.52475128,36256705.39843973,65468403.66764952,70905082.03996322,19490254.30891081,24189320.806646094,52909892.334094875,8708414.890532255,2549784.4776999103,3016139.5442485493,6552894.246040935,41379361.91075644,17550455.363497425,24355274.360915117,33039244.619215786,3858268.7783719487,3165157.43922701,3419652.444539263,3615679.8096712204,6217468.715618169,2192921.6841203524,2368660.749579303,4808877.254593933,12535021.89047938,5340031.570686961,7236312.976566554,10016775.278552033,3328648.418906769,3388306.8771411134,3359832.8988126963,3349528.8792887894,151211455.02710724,55600271.934421904,69842122.34345944,117747540.94466738,-70287937.59020483,-18834222.409670614,-33585416.94501972,-52279137.277017854,-1334701742.4897027,-523537465.98936987,-763413399.0710033,-1050794245.7145863,464.2436666666667,139.769,168.2155,350.6775333333334,565.875,170.154,204.811,427.37265,63.86,29.61,38.828,51.8725,3.008853972428793,2.641016323655657,2.8145325211993595,2.8801107953581955,0.7035141324396825,0.7220816249211888,0.7145901217510633,0.7100127548082097,0.07804371793803949,0.06638088447149026,0.07114186878654061,0.07396172622474725,0.04605401557583209,0.04760657051890629,0.046860492016884324,0.046597409805908055,36.57752350691804,42.571831015603735,39.37647591922283,38.675531134958035,156.4195038703254,118.5526781507534,136.66983250532684,143.1661148684752
43,26436.518360811737,10731.250938013707,11140.291896624036,20939.67476283243,86690305.91725929,39285034.192621574,38764174.05877063,70098460.8136361,75548260.73240398,20633852.62639365,25649744.027141213,56328217.895300366,8840735.089577826,2574813.255802199,3051958.4333615713,6647662.447756357,43302212.12444549,18264898.232476663,25405614.760211527,34539152.2622564,3993855.0445545884,3255579.5946949655,3511328.8774779458,3735458.6371037206,6651899.642082169,2327406.5332520786,2524330.69788371,5138327.053991637,12861618.900066607,5462587.721452827,7412055.879975441,10271957.987551784,2938477.4984854553,2987045.4522220357,2857273.5928512146,2955476.2822932582,158721328.59030527,57561518.314958416,72440696.49609815,123315394.99393387,-72031022.67304595,-18276484.12233683,-33676522.43732752,-53216934.180297755,-1406732765.1627488,-541813950.1117067,-797089921.5083308,-1104011179.894884,487.274,146.10366666666667,175.991,367.8643833333333,593.897,177.812,214.2325,448.26725000000005,66.049,30.455666666666666,40.0155,53.59133333333334,2.9638702805728667,2.5983059591272912,2.7700771020285573,2.8359227680669155,0.7073428054190471,0.7262680366995963,0.7187411120431753,0.7139666363672393,0.07438433374359947,0.06309879638984951,0.0676834618602926,0.07043439566978699,0.04551530738331356,0.04717392706140875,0.04658269980161744,0.046095824270646873,36.7692288593661,42.81174312647386,39.57552615838827,38.884108852853814,154.07950590152902,116.62623543234322,134.50998036700443,140.97086123731398
44,28104.908953003855,11388.280842240036,11818.825855782557,22254.089114236518,92641304.31491093,41918307.52804203,41340418.71021309,74888255.43950683,80335209.94020168,21824596.97533059,27155108.793282412,59856495.4024968,8948542.891846374,2591789.9091563434,3081268.7326590507,6723679.347904863,45154394.118141845,18966678.11364535,26457802.402968377,35988693.51656807,4087717.655608953,3338966.404550869,3603710.3308138065,3825654.7177386233,6961537.542038628,2479207.742537295,2626963.3360379767,5392722.112213162,13188561.803649623,5584216.593188175,7587290.996100804,10527040.979988117,2137303.7098269733,2256188.6643652865,2627338.4719673945,2178913.443915383,165713382.824783,59235328.54468553,75302209.62524927,128446063.82674888,-73072078.50987205,-17317021.016643494,-33961790.91503618,-53557808.38724206,-1479804843.6726208,-559130971.1283503,-831051712.4233669,-1157568988.2821262,510.41133333333335,152.57266666666666,183.8715,385.16780000000006,622.0406666666667,185.63733333333334,223.787,469.2995,68.03933333333333,31.260666666666665,41.1715,55.166799999999995,2.921808634450017,2.5570486402730044,2.7288321280972214,2.7941426364880626,0.7108742372392126,0.7304804068857641,0.7224786723564607,0.7177363966155056,0.07084961546276487,0.05994846973637101,0.06435945376892599,0.06703421445852702,0.045462798994070484,0.04673026544117258,0.04606017007365614,0.04590641225055622,36.96420977979465,43.04138129799782,39.77610361293795,39.091219811165764,151.89001045216796,114.7690421001942,132.50047450405773,138.89767152897713
45,29830.145691150043,12038.296481950947,12522.328002685572,23602.99846793036,98835767.1541038,44567457.49020622,44031153.4747957,79841858.77173965,85339499.22745931,23010976.681508366,28710653.491460662,63524516.33637648,9035706.538807195,2598581.6835626187,3104558.5123062967,6782712.8394715935,46997163.276303776,19671407.594118472,27508204.7930389,37433148.78753892,4176469.5940577895,3408430.427405907,3669736.6934538493,3907655.8857296305,7353507.681043784,2547724.9000480697,2818699.646050546,5671483.707695284,13512972.524055801,5702698.871069002,7762902.506574369,10779376.745510422,1777619.4865418917,1773185.4405013204,1862798.4005706324,1776067.5704276916,173420191.0339166,61045645.97615848,77741359.95383431,134089100.26370125,-74584423.87981282,-16478188.48595225,-33710206.4790386,-54247241.49196163,-1554389267.5524335,-575609159.6143025,-864761918.9024055,-1211816229.7740877,533.9503333333333,158.79966666666667,191.7805,402.6476,650.6583333333333,193.17133333333334,233.3775,490.5378833333333,69.95766666666667,32.047666666666665,42.3055,56.689166666666665,2.880901695548703,2.5179321188273924,2.688009615004832,2.753862343696244,0.7144723390494994,0.7344933027694108,0.7264651996124842,0.7214796763514684,0.06745800401890524,0.05693659022487251,0.06117292473165593,0.06377550919099378,0.04532908759968699,0.04618619047514856,0.0458322392559711,0.04562907360609854,37.16496164089707,43.27497646895471,39.97126070908309,39.30346683071724,149.76527391853153,113.01093857313731,130.51059903961496,136.90125654764356
46,31537.21992314075,12728.166985815065,13236.900227814549,24954.05139507676,105061658.7955076,47388544.27593591,46798894.508987315,84876068.7136575,90309045.20824882,24273484.7444951,30301442.876725197,67196599.04593502,9088669.967270676,2606639.431953436,3119466.440822289,6819959.279909642,48816368.102528505,20367115.687806413,28547122.600788254,38859129.75737577,4261555.056569248,3473840.5278466875,3736130.613570109,3985854.971516352,7675634.359229632,2722626.3722420586,2931217.1631528265,5942081.563783982,13826249.345773699,5821358.973422483,7936331.45505884,11024537.715450773,1366903.5892032424,1744642.6624013928,1623611.1505848875,1499112.264822595,180901241.1941587,63490389.61054728,80643941.52614526,139807443.1398947,-75839582.39865108,-16101845.33461137,-33845047.01715794,-54931374.42623718,-1630228849.9510846,-591711004.9489139,-898606965.9195635,-1266747604.200325,556.5016666666667,165.326,199.7145,419.59018333333336,678.0766666666667,201.07233333333335,242.977,511.12515,71.779,32.79266666666667,43.3825,58.13378333333333,2.8414835092274178,2.4801938374106025,2.6494085784287935,2.7150321240915325,0.7180394785481693,0.7385340522344856,0.7302229528278065,0.7252125793383801,0.06420649972150483,0.054056649667560026,0.0581254804859512,0.060654052202624154,0.04486067953136584,0.04604124300872887,0.045651381810648956,0.045273876748442896,37.377913901109515,43.5012429793164,40.17078172917115,39.521079078481925,147.7143436086351,111.31934255742247,128.63544090059236,134.97609324071067
47,33271.54287612594,13413.266274223552,13973.004015878923,26321.146065460103,111446156.8904316,50232793.04607477,49682644.85609665,90021479.5449067,95476595.81721647,25539731.300366018,31980820.377935335,70998693.23631881,9113789.067553626,2605509.496797156,3128026.3402180388,6835891.217788862,50614678.4941603,21039995.558107063,29543656.669413146,40263539.46654167,4336907.195419295,3526000.883120824,3787882.3722249693,4053089.9861148302,7963280.12419826,2838800.150777536,3087847.8090036144,6169712.133501006,14138910.702182999,5936645.6322392095,8108175.761995996,11268117.927702673,900393.9230816825,1023314.2014694929,1036824.9721978508,943416.0205174161,188438398.0065225,65140278.91835095,83272548.73642339,145284056.32566246,-76992241.11609088,-14907485.872276168,-33589903.880326726,-55262576.780755736,-1707221091.0671759,-606618490.8211901,-932196869.7998902,-1322010180.9810808,579.3383333333334,171.65733333333333,207.9295,436.64998333333335,705.8573333333334,208.73733333333334,252.919,531.8653333333334,73.528,33.48266666666667,44.368,59.51213333333334,2.804713271006223,2.443468392563454,2.6118710803627554,2.6782775635512537,0.7212902803903337,0.7426207875881186,0.7340528151923587,0.7287559579095584,0.06109421454050604,0.051309976898918135,0.05521341010898825,0.05766973136595027,0.04473125567211044,0.04604081625376368,0.045043364531864284,0.04518960187568907,37.59537955630802,43.7282222168004,40.37446436470028,39.74187448748035,145.79793254563432,109.66334574000079,126.80980959092622,133.1508271636626
48,35017.76604481246,14128.719819005248,14715.705865380763,27706.599865779935,117972392.00658038,53219135.374782614,52623208.86084004,95308752.18545116,100709630.41642188,26884655.20536674,33684189.46608191,74870889.09255257,9113976.276158527,2603105.688144567,3131082.9019242236,6835171.570353641,52325695.51268825,21682222.541114666,30531060.684710525,41600479.9726375,4397108.334357461,3566787.410642107,3827468.3073380175,4106496.011057087,8213436.853681974,3019646.76769407,3211447.638963735,6395610.323586208,14440854.029172877,6053299.019618991,8279473.3790383525,11505209.775829017,489960.5831187706,644351.9213697889,588986.8265765972,543997.551506627,195930282.5403005,67241220.72326648,86006796.12283964,150889110.9043386,-77957890.5337201,-14022085.348483864,-33383587.26199962,-55580358.71888742,-1785178981.600896,-620640576.1696739,-965580457.0618899,-1377590539.6999683,601.693,178.34466666666665,215.991,453.52108333333337,733.0286666666667,216.833,262.6945,552.3601833333335,75.094,34.105666666666664,45.3135,60.74808333333333,2.768193754208697,2.4086850134357007,2.5762898308526028,2.6423656949381487,0.7247996317599381,0.7465071775614303,0.7377382085950508,0.7323972727904604,0.058119133671130155,0.04869853185640176,0.05244357812901133,0.05482192303597522,0.044371720631562646,0.045587451290182573,0.045092615040561355,0.044797226362079626,37.81924670646517,43.95465817823393,40.57822362951811,39.966640721584234,143.89165139821387,108.09620337702059,125.08083837518042,131.36324459079623
49,36786.52282125615,14857.962909245607,15472.142630304392,29111.52685205246,124638403.5501838,56301345.348881684,55654822.65908965,100720433.17972806,106074958.82432906,28252615.452103388,35461602.106617935,78837138.64405009,9094292.830967354,2595741.6869346155,3128544.3577973587,6819799.930555896,54042902.43826623,22320344.869873382,31511122.79080204,42940007.28932873,4454714.285887275,3598479.703263635,3857816.150477438,4155032.181969001,8627963.305804381,3112756.482380001,3346002.7059295103,6697640.917605848,14736322.146520123,6169745.338716423,8447054.281357398,11738020.263788829,352002.50209420174,318234.0163339477,465424.14942763955,340183.5320781128,203975672.78185448,69316960.0153635,89129284.07206407,156845123.31358263,-79337269.2316707,-13015614.66648182,-33474461.412974417,-56124690.13385459,-1864516250.8325665,-633656190.8361558,-999054918.4748642,-1433715229.8338227,623.8183333333334,184.927,224.1815,470.2063666666667,759.952,224.79433333333333,272.633,572.6468166666666,76.61733333333333,34.705,46.214,61.94801666666667,2.7330291665085413,2.3752610707702235,2.542629160452823,2.6078103330001303,0.7282740096152729,0.7503225169800793,0.7411911487941834,0.7359909871929551,0.055288256717074526,0.046222223797947874,0.049814950358187594,0.0521151451953802,0.04424530181185819,0.0450964405586723,0.04439359591474028,0.04454320037324313,38.050419669882245,44.17875765261424,40.789379404990065,40.19533796383844,142.06188624658338,106.59018635925288,123.44678721923646,129.64679128601773
50,38596.00765036191,15579.408125824471,16243.835735972076,30540.19781677381,131536696.14276628,59379992.712202065,58762695.248022765,106281849.94206882,111621242.02834703,29638547.85963427,37226506.231209315,82927299.06929755,9075462.679648317,2579499.2500132644,3120382.1375915166,6801875.479276049,55713279.98052468,22927378.837360106,32452766.05902755,44238214.58041708,4500850.939088653,3619525.802864024,3876761.439488056,4192387.1414100328,9064715.281857284,3245617.8396232184,3522143.4313019207,7028031.177075361,15029439.298411489,6279475.990766358,8611667.743779175,11966952.140735693,129651.82938614587,217119.0882895332,134151.7693184399,160265.37000233144,212092933.64503235,71618167.20646924,92018816.31312566,162926765.39153528,-80556237.50226608,-12238174.494267177,-33256121.065102886,-56644915.44946646,-1945072488.3348324,-645894365.3304229,-1032311039.5399672,-1490360145.2832892,646.2773333333333,191.40133333333333,232.1825,487.07073333333335,787.2613333333334,232.643,282.3005,593.1449166666666,78.02966666666667,35.23766666666667,47.032,63.052466666666675,2.6997999383256417,2.3438983201426478,2.5094982975062763,2.575234371961594,0.7314942534980191,0.7538451725023291,0.7447692946315162,0.7393170751495276,0.0526004702524148,0.04387644910957713,0.047322668003081464,0.049547062852421615,0.04390010593023181,0.0450972121537259,0.04420725567584517,0.044319093108454735,38.2905125547682,44.3981350545395,40.998787177692066,40.428180429688155,140.33615329384494,105.17274568968263,121.83264248901222,128.02896063238813
51,40383.390821649344,16304.237383667909,17044.57194614827,31955.687118355843,138436047.8488149,62527796.60677316,62015084.31889002,111868159.91410029,117228718.97341372,31021435.642786764,39130461.99231668,87056169.80769429,9035120.410968736,2560706.896920182,3112061.6523818322,6769075.681051742,57386754.08320024,23536038.683088124,33407720.820784304,45539003.693161,4544297.1538440855,3636815.6609652475,3896445.4189694645,4226678.631336492,9246642.433801075,3336080.0893036,3670331.5487810057,7177945.6132269595,15311871.942675103,6389125.177577951,8777790.152786724,12188910.5748911,131656.05929657025,97806.00471534324,117853.9485567514,119808.5401931408,220208729.22042492,73854682.98074208,95357429.57043639,168984813.03653595,-81772681.37161005,-11326886.373968918,-33342345.251546357,-57116653.12243565,-2026845169.7064426,-657221251.7043918,-1065653384.7915137,-1547476798.4057248,668.1033333333334,197.67,240.6085,503.4516666666667,813.816,240.22766666666666,292.513,613.0600833333333,79.39233333333334,35.754333333333335,47.8395,64.11903333333333,2.6680221219793196,2.313085744612442,2.4777138252678936,2.5437943899009126,0.7346615766745184,0.7575266426021074,0.7482684535143933,0.7426643497491745,0.05004867808540919,0.04165418279073107,0.04495975241512656,0.04711060473227185,0.04362692879817717,0.04447059441749224,0.043830694613106014,0.04392221176493744,38.53399466634849,44.622328557325545,41.21067484866586,40.66491152819046,138.68389458605822,103.78717591362167,120.28196715003645,126.47004305070541
52,42184.37218046706,17036.0709567764,17849.550576937578,33382.46675217533,145475845.89583305,65745408.54737202,65325897.06070661,117570192.82387169,123004544.576777,32449568.66347767,41049169.65441804,91310303.00712223,8976579.966812484,2537723.221853897,3094961.5395291555,6722980.106076979,59088952.211637035,24156836.06738568,34368530.17710077,46862711.56114906,4588386.003047697,3654225.9397086552,3916303.7772319163,4261429.980879032,9579187.116763698,3462460.3868691316,3844751.8182027247,7438332.761300599,15591281.026254928,6496841.553258074,8942105.512425601,12408227.21070603,140458.61552507317,153467.65442997048,142224.53409330864,145011.7791417872,228665843.92813867,76356826.59290315,98775701.68247648,175357687.86080623,-83189998.03230558,-10611418.045531133,-33449804.621769864,-57787495.036934525,-2110035167.738748,-667832669.749923,-1099103189.4132833,-1605264293.4426591,689.879,204.01066666666668,248.8805,519.8250833333334,840.301,247.898,302.5295,632.9599499999999,80.75566666666667,36.276,48.634,65.18778333333334,2.6380231967662477,2.284196171219819,2.4463506396730996,2.5141837378249976,0.7376276648922864,0.7609186571714341,0.751926470681075,0.7457795121899881,0.04762573108858192,0.03954869433083514,0.042719247422787474,0.04479876822337055,0.04333180692118731,0.044361741968287655,0.04393122734321977,0.04369228418767243,38.78507245237362,44.85124366830396,41.426899384985965,40.90823237794924,137.12298357359245,102.4823620120856,118.7459199233566,124.99876602706506
53,43988.410775384014,17783.746598741403,18668.477701256325,34816.7783135591,152621030.88395274,69068492.89545725,68731522.57836245,123377642.58797932,128865702.15863648,33934218.85289177,43022456.94952701,95639683.00162584,8906045.875863273,2511335.2798034246,3075692.5545116346,6667897.167242326,60791164.31010531,24776418.594318796,35339326.70734429,48186003.30958003,4632251.543254545,3672098.5734484545,3936177.3200984686,4296198.003822413,9986592.31620832,3624146.0464357617,3982353.675953049,7759736.121787924,15867813.25263033,6604321.450213338,9103212.177060805,12625591.121784383,132503.40936913132,81930.90176726,123251.87126193695,114803.03170847637,237257411.5959018,78824667.11734687,102177692.68243857,181805951.02840757,-84636380.71194908,-9756174.221889595,-33446170.1040761,-58428308.44042826,-2194671548.4506974,-677588843.9718125,-1132549359.5173593,-1663692601.8830876,711.312,210.446,257.294,536.0089,866.3553333333333,255.688,312.6915,652.6217666666668,82.079,36.776666666666664,49.4145,66.22318333333332,2.608712293721524,2.256302800929805,2.4169302075325985,2.4853689712444225,0.7406746511735242,0.7642982444694424,0.7553382918614936,0.7489429088270956,0.045324869663407145,0.0375536318197572,0.0405945835151786,0.042604936418129666,0.04307042658127706,0.04399398927336451,0.043526549237093703,0.04339367352350767,39.04831015998846,45.088305443418676,41.64726217499022,41.16230850918904,135.60112827370904,101.22591824170425,117.31971111168777,123.56980476250736
54,45764.193872603595,18544.88437633049,19496.194304230714,36237.435548908004,159810899.85716012,72491446.71740851,72202505.1671951,129249091.25824706,134800102.79516757,35435929.060884885,45071384.00848758,100022641.98816863,8813345.33817706,2483528.540760802,3055841.882920851,6597909.45908137,62491247.029509544,25412404.96874396,36340779.29676147,49513652.30824159,4675869.686843903,3690344.451480156,3956031.4543086076,4330935.854466591,10267560.55109197,3773989.508550438,4199805.804653739,7994810.686202435,16133656.031886846,6711080.055605996,9263129.961549332,12835754.44018855,127472.51994880958,123190.43621919838,137931.9888204546,125973.79064344567,245766352.3851165,81430637.01156472,105800663.90603286,188248852.00437337,-85955452.52795638,-8939190.294156216,-33598158.73883775,-58999760.74612633,-2280627000.9786534,-686528034.2659688,-1166147518.2561972,-1722692362.6292138,732.0966666666667,216.78133333333332,265.6455,551.7363,891.6416666666667,263.36333333333334,322.8365,671.74425,83.351,37.28666666666667,50.2105,67.22848333333333,2.5801194331239174,2.228767379395424,2.3889743661632137,2.4571462143189446,0.7437677483751701,0.7677638071283615,0.7585666404778524,0.7521663689387871,0.04313970180389429,0.0356630000245721,0.03857955567799067,0.04052285618113152,0.04309971077114891,0.04342952675665596,0.04341757322955372,0.043215146366076373,39.32100201967755,45.32255089838531,41.87090435943894,41.42154412722527,134.10957861231307,99.98518187796117,115.95403892355742,122.16603975528992
55,47529.58838276473,19311.091421731664,20326.03434666665,37653.11444640315,167064965.23794898,75973772.51592845,75739115.55658261,135183047.78524178,140775028.19960743,37001383.22709854,47168693.62434587,104454252.45922932,8707301.080960779,2452891.7535342406,3029916.5900219833,6518257.816361491,64191252.17850294,26054563.914470732,37337094.51315948,50843411.28609167,4719886.399560073,3708554.5812448203,3976321.8435053774,4365920.263149735,10573616.550276374,3878490.4749976853,4319034.966282246,8230322.423928834,16391925.68495167,6814802.883449227,9420395.626826217,13039932.704425815,135982.79727415735,98742.67753380477,170167.75797001255,122948.75536503395,254336370.52770737,83992262.29684037,109381769.99960876,194715932.64690393,-87271405.28975832,-8018489.780911913,-33642654.44302614,-59532884.86166208,-2367898406.268412,-694546524.0468807,-1199790172.6992233,-1782225247.4908762,752.3163333333333,223.24933333333334,274.0225,567.1428833333333,916.2433333333333,271.1856666666667,332.994,690.47315,84.57933333333334,37.788,50.9775,68.20236666666666,2.5524656329966615,2.2035601800121727,2.3633316578120236,2.4303487244520907,0.746805148100991,0.7708311245967774,0.7613862071570372,0.7552142398745162,0.04106418243327706,0.033871139769675415,0.036668302536260355,0.038546617501016484,0.042888848179054986,0.04331527425287235,0.04344798865368374,0.04303809730489107,39.603728243709014,45.56048857966056,42.09964130196118,41.688594361292054,132.66284789761326,98.8486154883129,114.70702180412555,120.82786655435814
56,49337.08954278938,20074.655511969115,21176.30587503473,39095.23763200229,174575253.75093496,79495235.48473674,79399961.5589709,141297247.3577656,147028378.59510288,38597949.67965298,49357366.65305918,109077728.47469541,8599305.030061252,2419688.2049345807,2999963.83622539,6436439.141266918,65928820.53869027,26692614.174911816,38337780.67016814,52196148.31136781,4764206.843946857,3726727.2600846626,3996850.5583317564,4401088.989595089,11031157.527652716,4042993.531664008,4529115.753983508,8585300.129056668,16651467.640614131,6916756.625177976,9576739.216930263,13244318.785211477,115414.73280117878,108232.32719830477,155066.1933887033,112900.89084017288,263357097.705544,86672526.6851995,113105148.0460805,201517497.84842342,-88781843.95460904,-7177291.200462759,-33705186.4871096,-60220250.490657836,-2456680250.223021,-701723815.2473433,-1233495359.186333,-1842445497.981534,772.7783333333333,229.61433333333332,282.5675,582.6709333333333,941.138,278.912,343.3475,709.3589000000001,85.816,38.265,51.7215,69.17314999999999,2.5266611550914595,2.1788471096766093,2.3374571055261075,2.404926239196262,0.7495550765549903,0.7739580084447405,0.7644924239580557,0.7580961027164028,0.03909259393787988,0.03217270854089341,0.034855286724922364,0.036670634048934614,0.04279577601569045,0.043305290126668845,0.04326900830333422,0.04297410595453289,39.89573069121104,45.80563214241692,42.34008823929189,41.9641961991331,131.32365467627415,97.73862047695161,113.4500912345334,119.56889270651126
57,51093.31052239283,20853.28244715559,22003.592784801596,40509.3006960598,182014220.5683643,83119163.64349739,83037250.49291913,147400950.6446609,153281251.7777634,40220268.16326024,51494234.41275732,113709907.5126873,8475748.364107635,2385065.6235492704,2965811.2009674073,6344009.404912207,67662843.44053766,27341491.593329787,39363811.75406132,53550370.2940149,4806865.587986246,3744918.751914503,4017047.3657221207,4435184.1953611355,11238604.405151675,4184923.264891715,4598563.015050266,8769816.006060688,16901180.48899283,7019163.732945379,9727938.482203567,13442474.624376222,123750.11773741315,92601.87745655593,126441.81428633913,112848.23363911312,272122281.6136514,89346645.5258038,116635753.24465612,208150808.98290476,-90108061.04528712,-6227481.882306408,-33598502.75173698,-60749858.33824387,-2546788311.268308,-707951297.1296499,-1267093861.9380698,-1903195356.319778,792.5046666666667,235.941,290.5015,597.7073833333334,965.1486666666667,286.57933333333335,352.98,727.6494,87.00266666666667,38.74333333333333,52.4705,70.1119,2.5016593723305185,2.1548946472184496,2.3126645860564103,2.3802917185412946,0.7523382146056047,0.7770804172277288,0.7674896175170497,0.7609979855233482,0.037219527826875556,0.03056266223917358,0.03313527641297997,0.034889624871179865,0.04277117183498019,0.0431418357186187,0.04302982707742247,0.04290090419425367,40.1918797690439,46.0525101552094,42.58523602021369,42.243100404201826,130.02887064427654,96.66193591275668,112.2530303641659,118.3504434882446
58,52818.813430276794,21610.20020036159,22857.84314783968,41895.79879980648,189422339.98409364,86724515.74194102,86805357.03868121,153478101.49934024,159600250.1038744,41844943.568249315,53742765.468858995,118385892.81640561,8339511.158808429,2347160.6517311754,2929988.416380375,6242188.48133139,69385691.69106682,27982166.835212022,40394466.05989076,54894457.99151764,4848183.192628753,3762690.0066357194,4037778.0815013284,4468260.5775311915,11525464.488131901,4265336.034373479,4803060.169814575,8984419.529316453,17136921.08426471,7117206.430407489,9882383.37905888,13630020.955414683,126962.97667267441,99256.37783965332,137686.14342526277,117265.66708111702,280987194.1398004,91966440.90429325,120466621.17452501,214829930.50737292,-91564854.1557068,-5241925.162352242,-33661264.1358438,-61351829.0080327,-2638353165.4240146,-713193222.2920021,-1300755126.0739138,-1964547185.3278103,811.7173333333334,242.03066666666666,298.741,612.3270000000001,988.488,293.95533333333333,362.982,745.4015666666667,88.13066666666667,39.19533333333333,53.2025,71.0033,2.4782970591503313,2.1326734247662973,2.28961542972705,2.3573287871159194,0.7548522686727083,0.7799386330588092,0.7702514042628393,0.7636324962078436,0.035439867450999356,0.029036238014062556,0.03150332791171539,0.033198597148071475,0.04253610303420453,0.04296942258398711,0.042268781769767484,0.04268776487662843,40.48921012649225,46.302944490217264,42.83068423342559,42.52401715379601,128.81335539360373,95.65685866608453,111.12713016522122,117.20858153897203
59,54541.79027167298,22355.01158671861,23688.95213233568,43276.41773193895,196954905.47600782,90339096.36255169,90551543.09119985,159639372.2862982,166072050.4849243,43475910.51802713,56038033.69356396,123163401.49651028,8197610.0367335025,2305732.8863510657,2886154.711438076,6135453.03409965,71135696.3860466,28638363.045924958,41415300.11391986,56261629.71700403,4890002.750695078,3780366.099085998,4058323.43872775,4501629.9226319,11846755.401825702,4387436.10175185,4902996.828838659,9235993.646799855,17368723.081003632,7210940.795217403,10026882.537102938,13813499.280978452,66925.69477473167,99367.3568108055,109513.36295043358,78280.2764873575,289999505.26596206,94635001.66072296,124171175.74899103,221621929.00412837,-93044599.7899543,-4295905.298171297,-33619632.65779117,-61982556.717830256,-2731397765.213969,-717489127.5901734,-1334374758.7317052,-2026529742.0456407,830.682,247.97866666666667,306.883,626.7358333333334,1011.562,301.148,372.8405,762.9171,89.25933333333333,39.65233333333333,53.895,71.89688333333334,2.455501135068837,2.111395477949879,2.2682300420062873,2.3350641550772018,0.7574052498114952,0.7826594343670922,0.7727166249757277,0.7662442144059541,0.03374877171736345,0.027588938111508643,0.02995476930165799,0.03159282995531427,0.042314743271108186,0.04260788022701119,0.04252770177524238,0.04241734120567424,40.797701015078005,46.561785814131646,43.0843782665562,42.81513069474678,127.62691391802925,94.70080772169833,110.08801672838008,116.10277674931342
60,56258.935801341635,23118.02594164452,24531.080266259734,44659.61735044764,204620445.47309244,94069113.52848183,94394201.55109,165927479.29247874,172689396.4557898,45140163.780109435,58377371.82836237,128047165.01930167,8052162.718900245,2263594.635341171,2844323.585968459,6026163.889654568,72866290.2161622,29290109.15551311,42465562.21525459,57614626.84493502,4932189.915082811,3798653.424463201,4079026.1859913045,4535452.1433659475,12168158.691220265,4530821.433944781,5101028.002009819,9495090.651173845,17594291.258124962,7306768.066389376,10173980.77041337,13993658.141017508,105051.88991376801,141889.5400924571,83990.9121074898,117945.06747630918,299234900.41437286,97404178.42076184,128060320.9902531,228594147.716609,-94614454.9412804,-3335064.89227999,-33666119.4391631,-62666668.42413025,-2826012220.1552496,-720824192.4824533,-1368040878.1708682,-2089196410.469771,849.322,253.86966666666666,314.942,640.9136833333333,1034.233,308.2853333333333,382.629,780.1513166666666,90.31866666666667,40.086333333333336,54.5965,72.73735,2.4331743919895246,2.089828458021129,2.246385006845046,2.313003315100586,0.7600203346958315,0.7856628931155344,0.7754406612800939,0.7689952301427275,0.03214165974134111,0.026216514674582834,0.028485185017053775,0.030067858967975713,0.042089977822047556,0.04242371674596928,0.04233689188700849,0.042206786445420155,41.118195308672014,46.82146288385376,43.336023777275784,43.11433895998562,126.46733443321858,93.72820070398997,109.0219897934531,115.00863762798858
